id,domain,status,purchase_price,renewal_price,attractiveness,demand,length,registrar,created_at,expires_at,status_verified_at
e9c39299-0a37-4bbf-a0fc-d548678048e7,lolita.skin,available,1.99,17.29,high,low,6,namesilo,,,02/10/2026 05:39
e0cc5508-6a37-42b3-9d7c-4ba6246aacab,smear.skin,available,1.54,14.21,high,low,5,porkbun,,,29/09/2026 18:01
3c264dca-acf5-4fb9-b9fa-7efa8b5480e4,removing.skin,available,1.99,17.29,high,low,8,namesilo,,,28/09/2026 07:21
104f35aa-3510-46c8-ae9a-d96f40fd93af,biochemist.skin,available,1.99,17.29,high,low,10,namesilo,,,23/09/2026 17:44
98d29602-fde7-4f23-ab1f-56c43fc24b39,slater.skin,available,1.99,17.29,medium,low,6,namesilo,,,28/09/2026 10:57
3e83eb03-a942-45fb-b7dd-6e7e74a4c48e,ray.skin,premium,845,845,high,low,3,namecheap,,,22/09/2026 19:55
56e3d98c-4050-4a4b-b674-bb441e071575,suicides.skin,available,1.54,14.21,low,low,8,porkbun,,,02/10/2026 04:02
521e9397-7909-4baa-9a48-206df1e8e170,blanket.skin,available,1.8,21.98,high,low,7,namecheap,,,08/09/2026 07:17
27612dcc-bc80-4769-9160-993b855aaf84,thessaloniki.skin,available,1.24,13.97,medium,low,12,spaceship,,,29/09/2026 15:14
6eaae8d4-8507-42ae-b9e4-ecf091c80325,diagram.skin,available,1.99,17.29,high,low,7,namesilo,,,24/09/2026 22:08
f37aa798-b1f5-4d6d-8cbf-cb4a177a010f,hazardous.skin,available,1.8,19.98,medium,low,9,namecheap,,,21/08/2026 01:42
27770e18-3e01-435d-b6fa-7ad2bd3ef045,hillary.skin,available,1.99,17.29,high,low,7,namesilo,,,27/09/2026 03:48
e210f742-0b8d-481e-bfdb-429c03aac0d5,introduce.skin,available,1.99,17.29,high,low,9,namesilo,,,30/09/2026 00:04
2a825459-cf24-474d-a962-a766184287bd,augury.skin,available,1.8,21.98,medium,low,6,namecheap,,,21/09/2026 03:41
f8d839fb-897a-4e3b-8474-bd5f79658826,grandmothers.skin,available,1.8,21.98,medium,low,12,namecheap,,,20/09/2026 18:06
db7a8305-f231-428e-be68-27ea2e625b75,taproom.skin,available,1.99,17.29,high,low,7,namesilo,,,22/09/2026 03:42
aeb64ae5-d173-4525-8825-81aa241c0ed6,plankton.skin,available,1.99,14.45,high,low,8,dynadot,,,01/10/2026 21:18
a72beb46-6830-4aba-9f20-767d5c7c990a,shriek.skin,available,1.8,21.98,medium,low,6,namecheap,,,09/09/2026 23:53
57be8094-129d-4624-ba68-52a4eda169ab,judson.skin,available,1.24,13.97,medium,low,6,spaceship,,,28/09/2026 12:13
c3ee0c6b-74cc-4882-b2ef-6850ca2deb69,swampy.skin,available,1.8,19.98,medium,low,6,namecheap,,,10/08/2026 17:18
4bf16bd1-d49b-4f37-82d2-b7510c3ff5da,fizzle.skin,available,1.8,19.98,medium,low,6,namecheap,,,11/08/2026 11:19
5480e8da-dcce-4555-8a24-3ff920ae6fe3,epitope.skin,available,1.99,17.29,medium,low,7,namesilo,,,19/09/2026 14:25
b10aa485-7465-4ae7-99d9-29d29645997e,tritely.skin,available,1.99,17.29,low,low,7,namesilo,,,16/09/2026 09:30
7a06bf87-2399-4a40-bb6a-23cc128aed96,loft.skin,premium,2660,2660,high,low,4,namesilo,,,22/09/2026 11:37
4510a73f-63b6-4bd3-b854-7aad99402680,comte.skin,available,1.99,17.29,high,low,5,namesilo,,,21/09/2026 03:56
d78ed96c-ff98-49b3-a67f-6d4e2a54f434,hunk.skin,available,1.99,17.29,high,low,4,namesilo,,,02/10/2026 15:45
2041f9ee-7caa-4211-b9e6-c89ee737268a,abstracter.skin,available,1.8,21.98,medium,low,10,namecheap,,,16/09/2026 18:30
9a43e9a9-7785-4f81-8c41-ecd55fab74f8,tempra.skin,available,1.99,17.29,medium,low,6,namesilo,,,16/09/2026 23:57
a79087d0-70a2-40f5-a6d4-a4692b337851,curvey.skin,available,1.8,19.98,medium,low,6,namecheap,,,13/08/2026 11:51
94cd03d3-bb17-4eb3-9d46-fdeb1bc9ac37,placing.skin,available,1.24,13.97,medium,low,7,spaceship,,,28/09/2026 21:04
1ec68321-b0ad-4b0d-bd85-97f5200308cc,temptation.skin,available,1.24,13.97,high,low,10,spaceship,,,28/09/2026 09:41
89700bca-04fc-40b2-9640-5374affe9752,stoner.skin,premium,2600,2600,high,low,6,namecheap,,,02/10/2026 05:35
e3b445e1-492d-4396-b171-464ffb3a1655,britt.skin,available,1.99,17.29,high,low,5,namesilo,,,02/10/2026 23:43
d2cd8011-743e-4227-a4e0-c00eb261a3bd,connector.skin,available,1.99,17.29,high,low,9,namesilo,,,24/09/2026 17:23
fec9ecdf-1606-42b5-9f64-70c827cb30b5,excruciating.skin,available,1.8,21.98,medium,low,12,namecheap,,,03/10/2026 02:50
28aa6d75-940f-4c1c-b1cb-ab06c8afdf05,imprint.skin,available,1.99,17.29,high,low,7,namesilo,,,29/09/2026 18:45
50ef7b28-6c99-4fd9-98d8-dc6ca8ba9afe,obnubilate.skin,available,1.8,21.98,medium,low,10,namecheap,,,03/09/2026 23:55
7fe91beb-4ff6-4199-83f9-62b8de49ea3c,sparked.skin,available,1.24,13.97,high,low,7,spaceship,,,30/09/2026 04:13
325b02b7-b927-40ea-a903-554f0c3833da,nostrils.skin,available,1.65,15.75,medium,low,8,namesilo,,,
01ac6c26-e295-4693-99b9-e7f9c9a57092,gjo.skin,available,1.99,17.29,medium,low,4,namesilo,,,17/09/2026 05:37
e077a520-b780-474b-8ca1-4d46917c5cd8,germfree.skin,available,1.8,19.98,medium,low,8,namecheap,,,18/08/2026 22:48
add26277-08ac-499f-af44-e11ca5c2ad2c,irenaeus.skin,available,1.24,13.97,medium,low,8,spaceship,,,03/10/2026 01:19
d5690d3d-79f5-4404-b667-09779436bd70,tubeless.skin,available,1.8,21.98,medium,low,8,namecheap,,,11/09/2026 20:58
7a18c38e-bc35-427c-8d37-d7748fe7ae1b,nebulose.skin,available,1.8,19.98,medium,low,8,namecheap,,,12/08/2026 12:43
7cf867bc-ca7d-4197-ae45-99723828d55f,ingrowing.skin,available,1.8,19.98,medium,low,9,namecheap,,,22/08/2026 04:54
8c22535c-b1cb-44c1-97ff-b88ff45d4330,projecting.skin,available,1.8,19.98,high,low,10,namecheap,,,22/08/2026 14:48
f00fd8d2-7f02-4adc-ae10-29f414217f8b,apiary.skin,available,1.99,17.29,high,low,6,namesilo,,,19/09/2026 17:20
7d5c640f-287f-4d2b-8f9c-4a973b1b8d10,sees.skin,available,1.65,15.75,medium,low,4,namesilo,,,
59eab649-d50b-444d-8136-e7b18420481a,catalogues.skin,available,1.24,13.97,medium,low,10,spaceship,,,02/10/2026 22:23
55dff0f7-58cb-4b1c-a69a-6334088e05ce,inevitably.skin,available,1.8,21.98,medium,low,10,namecheap,,,15/09/2026 08:09
a88b935f-58c6-4f5c-b5e3-94aa694f6654,pelvic.skin,available,1.8,21.98,high,low,6,namecheap,,,08/09/2026 13:42
eb00ac46-88a9-4297-a1ec-b3b3cd1e8435,apolune.skin,available,1.8,21.98,medium,low,7,namecheap,,,19/09/2026 18:55
aad91db1-1a06-44d6-8cba-daa705e37599,unshakable.skin,available,1.99,20.99,high,low,10,name.com,,,23/09/2026 10:41
79a1882b-2574-4944-a1fb-1b81919ace5c,backs.skin,available,1.99,17.29,medium,low,5,namesilo,,,18/09/2026 06:41
8c3e48ee-a466-4850-ba14-b6935ca263eb,macaronic.skin,available,1.8,19.98,medium,low,9,namecheap,,,24/08/2026 12:44
ec9e386a-0a11-4000-acd6-e704142300f6,piss.skin,available,1.99,17.29,high,low,4,namesilo,,,28/09/2026 10:21
c58884f3-8990-4912-91b8-0c186afda474,rectum.skin,available,1.24,13.97,high,low,6,spaceship,,,02/10/2026 16:33
37f0ec18-e034-482c-a4b1-ff57ecfe78b5,tacit.skin,available,1.8,21.98,high,low,5,namecheap,,,11/09/2026 06:56
efac003f-864b-4dda-8e0b-672309046991,avesta.skin,available,1.8,21.98,medium,low,6,namecheap,,,21/09/2026 09:22
3e13101a-c49d-4eeb-9912-f8a80566440c,erotism.skin,available,1.8,21.98,medium,low,7,namecheap,,,18/09/2026 16:15
94f04eca-01f6-4ab3-bb80-63683a453b93,baykal.skin,available,1.8,21.98,high,low,6,namecheap,,,21/09/2026 18:56
859d5f6f-f639-4aeb-83c2-710e9d3e8ff3,brushy.skin,available,1.8,19.98,medium,low,6,namecheap,,,10/08/2026 20:19
fa3530dc-8f18-4aca-97d4-c536eed76619,sniff.skin,available,1.24,13.97,high,low,5,spaceship,,,30/09/2026 11:21
b70eac21-e751-49e8-a913-6a100bdbb5a2,typhoid.skin,available,1.99,17.29,medium,low,7,namesilo,,,03/10/2026 00:41
51601b58-44fd-4567-9389-94b4340c1668,passionately.skin,available,1.8,21.98,high,low,12,namecheap,,,01/10/2026 18:20
25133ce4-8df3-430a-b92f-a13d6e9d4315,listening.skin,available,1.8,21.98,high,low,9,namecheap,,,25/09/2026 09:00
289b2520-2c70-4c02-b2c7-e91529e3cc5c,semester.skin,available,1.99,17.29,high,low,8,namesilo,,,28/09/2026 06:43
0879d7bd-0a6e-450c-ae42-1f210b8738fb,consequence.skin,available,1.24,13.97,high,low,11,spaceship,,,28/09/2026 15:40
03327af4-4927-4e1f-b0d7-2a4756595c75,wilful.skin,available,1.8,19.98,medium,low,6,namecheap,,,18/08/2026 16:39
1f078181-5711-4d50-a7f4-a9a73cac34f3,unbending.skin,available,1.8,21.98,medium,low,9,namecheap,,,12/09/2026 01:48
92b8ec22-9e04-4dd2-8311-ec2996d8c6c9,parent.skin,available,1.24,13.97,high,low,6,spaceship,,,30/09/2026 06:26
cf460fed-1868-4022-a7bf-23c69c6d6a50,firms.skin,available,1.99,14.45,medium,low,5,dynadot,,,29/09/2026 17:52
c2a9373f-ec9b-40b6-a80c-b2ae15318f31,tipping.skin,available,1.99,14.45,medium,low,7,dynadot,,,29/09/2026 23:33
1f7ff322-3de7-4c88-b8a7-dea7a94cd70b,browbeat.skin,available,1.8,19.98,medium,low,8,namecheap,,,11/08/2026 08:53
deebe823-77e2-459e-8600-9ef5f096a19c,commandment.skin,available,1.24,13.97,high,low,11,spaceship,,,30/09/2026 19:53
df0234f9-3b35-4c43-af10-3a9cb727d81a,satellite.skin,available,1.8,21.98,high,low,9,namecheap,,,09/09/2026 21:34
246053ed-336e-4c8b-b7cc-fa766af9f66d,aberrant.skin,available,1.65,15.75,high,low,8,namesilo,,,
c3004683-1215-4ecb-82ab-479e91e4c4cb,oatmeal.skin,available,1.24,13.97,high,low,7,spaceship,,,29/09/2026 05:27
f93a545a-b647-40d5-8cc1-14e95282a44f,slab.skin,available,1.24,13.97,high,low,4,spaceship,,,28/09/2026 20:30
0ac0ed85-e6d2-44ee-b762-bede2df5ea2e,gallipoli.skin,available,1.54,14.21,medium,low,9,porkbun,,,29/09/2026 22:32
299f1af5-0c05-40d4-8198-1026814e5612,otsego.skin,available,1.99,17.29,medium,low,6,namesilo,,,02/10/2026 01:06
a3e8c410-c2d0-4784-b564-b0b881835c87,harare.skin,available,1.99,17.29,medium,low,6,namesilo,,,24/09/2026 12:36
c146329d-8eb6-467e-857b-462f3f10b1a1,adagio.skin,available,1.65,15.75,high,low,6,namesilo,,,
93d82806-a90b-445c-a39e-f0a2b09870c7,corporation.skin,available,1.24,13.97,high,low,11,spaceship,,,27/09/2026 16:41
67bb6ab1-66d2-45db-9546-e4a06ecaa1be,susanne.skin,available,1.99,17.29,high,low,7,namesilo,,,30/09/2026 13:21
93e3e769-a627-4fb5-9635-9206881cd2cf,tattle.skin,available,1.99,17.29,medium,low,6,namesilo,,,23/09/2026 23:36
0b19be30-598a-439e-88b7-2c35cb03446b,binger.skin,available,1.99,17.29,medium,low,6,namesilo,,,23/09/2026 17:33
9bdfc673-fab0-4bf2-a68b-773d1703e117,glamour.skin,premium,2500,2500,high,low,7,name.com,,,21/08/2026 07:43
cfba6596-c6c5-4583-af28-aa206eeaa9f0,reverent.skin,available,1.8,19.98,high,low,8,namecheap,,,20/08/2026 16:08
1f0d65f4-ced0-4c13-acc6-bab6cf534577,calciferol.skin,available,1.99,20.99,high,low,10,name.com,,,13/08/2026 15:07
5b3fb092-b2e1-4a19-a907-3cb466e53c95,leavitt.skin,available,1.54,14.21,medium,low,7,porkbun,,,29/09/2026 04:25
c9d7900b-6d13-464c-b138-1a8c055c3795,ade.skin,available,1.99,17.29,high,low,3,namesilo,,,17/09/2026 07:12
ebae5fd4-1527-47c0-875e-bb0a93f1cc43,perilous.skin,available,1.8,21.98,medium,low,8,namecheap,,,08/09/2026 01:42
ba6b4f2f-1d24-46d8-bf48-afe661d55dd8,addition.skin,available,1.54,14.21,high,low,8,porkbun,,,28/09/2026 18:22
e3421183-d08c-4e55-85a1-832a341b8e53,continuation.skin,available,1.99,17.29,high,low,12,namesilo,,,30/09/2026 14:34
b43e4e51-de6e-4dda-98a8-0262226d2d44,aec.skin,available,1.99,17.29,high,low,3,namesilo,,,17/09/2026 12:04
dfcbba35-8110-4dab-bcc6-9f827e234482,entertained.skin,available,1.99,17.29,medium,low,11,namesilo,,,29/09/2026 10:59
f554fb44-7577-467a-ad80-92ed458d402c,courting.skin,available,1.99,17.29,high,low,8,namesilo,,,30/09/2026 09:16
8fbf8fd0-76da-4671-85dd-5f5500dd669c,noc.skin,available,1.24,13.97,high,low,3,spaceship,,,01/10/2026 03:06
a68c3025-7ff4-4452-8abf-87fd0b791acf,assists.skin,available,1.99,17.29,medium,low,7,namesilo,,,02/10/2026 22:45
bb536536-35a5-4a94-9056-9a034884d40f,wand.skin,premium,845,845,high,low,4,namecheap,,,22/09/2026 14:13
e72a9468-0eed-4f43-9055-e36223a2305a,marines.skin,available,1.24,13.97,high,low,7,spaceship,,,30/09/2026 03:55
9f246ce5-9d83-42e8-b2d5-73ba67c0fb1d,slenderize.skin,available,1.8,21.98,high,low,10,namecheap,,,10/09/2026 10:53
7528f4ba-9465-4dad-9e0c-fdc262e723cd,sunburnt.skin,available,1.8,21.98,high,low,8,namecheap,,,11/09/2026 01:48
69a0477f-b54a-4f62-95b5-aaa7b931719c,wading.skin,available,1.99,17.29,medium,low,6,namesilo,,,03/10/2026 02:21
8e89aff0-693f-4d98-8459-e8b7293bb0e6,behold.skin,available,1.54,14.21,high,low,6,porkbun,,,28/09/2026 15:34
adc8ced0-c4f9-419a-bc29-00ebf06e6c0d,desolate.skin,available,1.8,19.98,medium,low,8,namecheap,,,08/08/2026 21:07
998883da-4096-4d38-97bd-a07dc8477825,madison.skin,premium,832,832,high,low,7,namesilo,,,08/09/2026 13:09
e758b7b1-a69e-4cc7-93df-1854501ffa9d,unimportant.skin,available,1.24,13.97,medium,low,11,spaceship,,,01/10/2026 06:09
cbb9b3a6-76b1-452e-a1ea-d9bb4f1aeeb4,retained.skin,available,1.8,21.98,high,low,8,namecheap,,,27/09/2026 13:05
ff821dd2-09a1-4a94-9629-d3a2da1095b2,obstacles.skin,available,1.24,13.97,low,low,9,spaceship,,,29/09/2026 05:04
2cf300a8-2700-413f-85e9-adcbb5c6ff8f,assassins.skin,available,1.99,17.29,low,low,9,namesilo,,,30/09/2026 07:00
c424fbde-d8f7-4fd8-8bce-c04260b16cb2,metacarpal.skin,available,1.8,19.98,medium,low,10,namecheap,,,24/08/2026 21:30
53dae2fc-9eb9-4f14-9e58-bdea730502ed,squashy.skin,available,1.8,19.98,medium,low,7,namecheap,,,10/08/2026 17:16
22a9a4a5-783e-4605-8773-558482979a48,rejected.skin,available,1.99,17.29,medium,low,8,namesilo,,,25/09/2026 11:50
8ba2f24f-f864-4479-b2c9-a3ba5c2a8488,leinster.skin,available,1.99,17.29,medium,low,8,namesilo,,,29/09/2026 09:29
3f1e934c-8c36-441f-8fb3-3558e217ba87,dodging.skin,available,1.8,21.98,medium,low,7,namecheap,,,21/09/2026 09:51
81274ca3-ae95-4855-8c6e-e5ffb9ee23b4,constantine.skin,available,1.99,17.29,high,low,11,namesilo,,,25/09/2026 14:18
0925f510-ebed-4c79-9d5f-059f89a66c99,gladiolus.skin,available,1.8,19.98,high,low,9,namecheap,,,19/08/2026 00:06
d7791672-0f5a-4bce-b984-6803a570dd5a,abuja.skin,available,1.8,21.98,medium,low,5,namecheap,,,16/09/2026 18:50
daa583e3-3f73-4c21-9acb-cda5ba2d17d8,wills.skin,available,1.99,17.29,medium,low,5,namesilo,,,29/09/2026 03:50
bee01694-f69e-496c-95d6-8d1f43a275f3,unwonted.skin,available,1.8,21.98,low,low,8,namecheap,,,12/09/2026 22:48
a57b4463-8242-48dd-8411-7ebaf2989832,bookkeeper.skin,available,1.99,17.29,high,low,10,namesilo,,,02/10/2026 04:08
349c1e98-3ab5-4007-9004-17e744e23ba3,bennie.skin,available,1.99,17.29,high,low,6,namesilo,,,23/09/2026 08:32
4bed683a-203d-4cd5-a595-15552ece8864,hostages.skin,available,1.24,13.97,medium,low,8,spaceship,,,27/09/2026 11:30
ad65bf7f-0f89-419f-a267-383d941b33df,relationships.skin,available,1.8,21.98,medium,low,13,namecheap,,,17/09/2026 20:15
d842a962-041c-46f2-824e-b035104bb8a1,rayburn.skin,available,1.24,13.97,high,low,7,spaceship,,,30/09/2026 20:29
1c0940eb-fa92-4a08-91da-d85263253727,knitted.skin,available,1.8,19.98,medium,low,7,namecheap,,,22/08/2026 16:27
007f8dd5-b34c-43ec-9529-07659652992e,courts.skin,available,1.99,17.29,high,low,6,namesilo,,,28/09/2026 03:42
bf39eba1-ce59-4229-b23c-841e90c411d1,hon.skin,available,1.99,17.29,high,low,3,namesilo,,,25/09/2026 12:00
c192b847-0c55-436c-955b-4bfdfb0bd5a6,horsefish.skin,available,1.8,21.98,medium,low,9,namecheap,,,20/09/2026 21:39
7e48ccc2-b441-4491-8fb8-b2b71feb0ad0,buckshee.skin,available,1.8,19.98,medium,low,8,namecheap,,,11/08/2026 07:33
6ad1ac10-843e-435e-b991-d2787f214885,arabs.skin,premium,2070.2,2070.2,medium,low,5,spaceship,,,29/09/2026 11:16
0fc9cc38-9015-41a1-9ec7-91290bbe27c4,mandioca.skin,available,1.8,21.98,medium,low,8,namecheap,,,23/09/2026 22:54
ba220881-e851-4fbd-94f5-5439e33abde4,scrooge.skin,available,1.99,17.29,medium,low,7,namesilo,,,30/09/2026 10:35
80054212-171b-448b-9600-6be142979361,promotes.skin,available,1.99,17.29,medium,low,8,namesilo,,,16/09/2026 11:54
14677131-0ac9-44ec-9cd4-9d9193bf974f,clannish.skin,available,1.8,19.98,medium,low,8,namecheap,,,12/08/2026 09:35
70d95762-3597-41e0-b9f0-7d2bdeef2070,uncoiled.skin,available,1.8,21.98,medium,low,8,namecheap,,,12/09/2026 05:44
87d817e5-26ef-47d0-a0e4-fb28516b998f,lonnie.skin,available,1.99,17.29,medium,low,6,namesilo,,,30/09/2026 13:21
29b079a2-d42a-42fe-ba6f-e36d282380a3,adlumia.skin,available,1.8,21.98,medium,low,7,namecheap,,,17/09/2026 08:37
746b15fa-07d5-423e-95ab-7c2536d1ffa4,sacred.skin,resell,,,high,low,6,Porkbun LLC,07/06/2022 09:42,07/06/2027 23:59,26/09/2026 08:46
0a7d97ce-a120-4aa9-86c0-675e50d0742e,lovingness.skin,available,1.8,19.98,high,low,10,namecheap,,,11/08/2026 19:18
201bdf06-ee72-4d5b-85b7-455d6448486c,ardent.skin,available,1.8,19.98,high,low,6,namecheap,,,06/08/2026 16:11
68477ec8-857e-4e9b-b490-5eac6cad2cfa,vested.skin,available,1.8,21.98,high,low,6,namecheap,,,13/09/2026 04:49
0e461143-1b16-4dfc-bea5-f0310fa3b3f6,vegetation.skin,available,1.99,17.29,high,low,10,namesilo,,,29/09/2026 11:45
f048e2c6-42b4-4a33-ae32-07eac2634215,navel.skin,available,1.99,17.29,high,low,5,namesilo,,,23/09/2026 06:35
e56e28b6-358c-4a6a-a3e9-e2ed2f4b5287,empathic.skin,available,1.8,19.98,high,low,8,namecheap,,,16/08/2026 16:41
e5ee010f-6a08-41b2-aaac-46fb9b1fb230,harrowing.skin,available,1.65,15.75,medium,low,9,namesilo,,,
28482dbf-1ab7-4df6-95fb-cde00c629ed4,quits.skin,available,1.8,21.98,high,low,5,namecheap,,,09/09/2026 09:02
4433294f-94e1-4636-9eda-fae8f083b407,stamina.skin,available,1.8,21.98,high,low,7,namecheap,,,30/09/2026 18:50
5f2a99be-09f2-42e1-ab14-e024987be256,natation.skin,available,1.8,19.98,medium,low,8,namecheap,,,18/08/2026 08:34
bc6b2714-35c4-4879-aca9-7f7886e95ac3,recognition.skin,available,1.24,13.97,high,low,11,spaceship,,,02/10/2026 21:11
1e5392e7-af5f-428c-a8fa-7a9fda5a9f0b,aranea.skin,available,1.99,20.99,medium,low,6,name.com,,,20/09/2026 00:00
58dbaa40-3617-4820-83d0-f5411f2e0b70,spleen.skin,available,1.24,13.97,high,low,6,spaceship,,,30/09/2026 02:01
b725ab37-f802-483c-a07b-e9f45a37a456,arcminute.skin,available,1.99,17.29,medium,low,9,namesilo,,,20/09/2026 02:40
6c2849ae-7a8f-42c6-b589-bec3374f5ca6,glossy.skin,available,1.8,19.98,high,low,6,namecheap,,,11/08/2026 14:10
eb6a3fd1-04dc-462c-97a2-163c319ad9e8,bastards.skin,available,1.24,13.97,medium,low,8,spaceship,,,29/09/2026 11:17
a944b830-f2a7-455c-ac07-f0e1dedc35ef,ascend.skin,available,1.24,13.97,high,medium,6,spaceship,,,30/09/2026 03:12
edc58db9-fd9e-40ff-9fe1-cfde14861cfe,usance.skin,available,1.8,19.98,medium,low,6,namecheap,,,13/08/2026 12:25
9408543f-f89e-4c4e-99e7-e6383e227b1c,richer.skin,available,1.54,14.21,medium,low,6,porkbun,,,29/09/2026 05:28
c6076c0f-54e7-44df-85c7-af58b1bcdef0,aves.skin,available,1.99,17.29,medium,low,4,namesilo,,,21/09/2026 09:17
0068695e-1af0-451e-99da-06a51148d1b5,wavy.skin,available,1.8,19.98,high,low,4,namecheap,,,13/08/2026 06:54
bd879350-5871-4de5-8767-675592ccce18,pitching.skin,available,1.99,17.29,high,low,8,namesilo,,,30/09/2026 06:51
4a0ffe05-fad9-47bd-ba02-5ff1e357f027,realizes.skin,available,1.99,17.29,medium,low,8,namesilo,,,29/09/2026 05:59
e334208c-e0fc-4b35-9d33-3ec325a77b94,eonian.skin,available,1.65,15.75,medium,low,6,namesilo,,,
a41ed8b0-78cb-4181-af05-6e42da4f1489,bled.skin,available,1.99,17.29,high,low,4,namesilo,,,30/09/2026 03:16
50a0a55b-9a86-4e03-b457-13a727c19a26,strongly.skin,available,1.99,17.29,medium,low,8,namesilo,,,28/09/2026 16:33
17e28bb8-5e4a-49ae-b235-6cf7f3e6499f,lackey.skin,available,1.99,17.29,medium,low,6,namesilo,,,20/09/2026 15:38
fa1ce028-68a1-42e7-b3fc-1ba1c035addd,eden.skin,premium,2070.2,2070.2,high,medium,4,spaceship,,,28/09/2026 13:57
939007c9-a6fa-4f17-b3c3-69b12078b0ca,helper.skin,available,1.99,17.29,high,low,6,namesilo,,,22/09/2026 09:58
4fb987bc-cc6a-48e3-a845-c7df59c71551,roughish.skin,available,1.8,21.98,high,medium,8,namecheap,,,09/09/2026 19:01
68a7aad9-b8fb-4236-a0b8-7bf24bb189de,unsexy.skin,available,1.8,21.98,medium,low,6,namecheap,,,12/09/2026 19:23
0ed5881a-71ea-4759-a70d-325c1aa23429,delphian.skin,available,1.8,19.98,medium,low,8,namecheap,,,14/08/2026 00:48
c8fe587a-19da-46d4-bf69-ef71db975eec,starvation.skin,available,1.8,21.98,medium,low,10,namecheap,,,10/09/2026 19:06
5fcd436b-d3d6-4748-837e-c3a6429760aa,robison.skin,available,1.24,13.97,medium,low,7,spaceship,,,30/09/2026 21:35
ca18c828-a111-4564-988f-8cc6f81a9ad4,recommended.skin,available,1.24,13.97,medium,low,11,spaceship,,,28/09/2026 08:36
c5bfe3a2-b78f-4dac-8ed5-aa4f5a3d68d8,polaroid.skin,available,1.99,17.29,high,low,8,namesilo,,,03/10/2026 01:48
3d4c7c9d-0e2d-4cd0-b5de-ce45b5a39e11,filipino.skin,available,1.8,19.98,high,low,8,namecheap,,,18/08/2026 04:19
564ced31-b0dd-4a2d-be95-e846280b568f,zaragoza.skin,available,1.99,14.45,medium,low,8,dynadot,,,29/09/2026 08:01
c7f4c431-836c-43e2-9ec5-58ed18a75de0,wake.skin,available,1.99,17.29,high,low,4,namesilo,,,22/09/2026 14:42
438b20f0-0048-4407-b583-3402a9678650,narrative.skin,available,1.8,21.98,high,low,9,namecheap,,,03/09/2026 13:16
3303e1ac-c527-48df-956d-a1c49ac40933,blanco.skin,available,1.24,13.97,high,low,6,spaceship,,,01/10/2026 04:49
fc9e56a7-fcd9-4f90-a485-245f5708e1cc,putney.skin,available,1.8,21.98,medium,low,6,namecheap,,,30/09/2026 13:43
59658032-7a31-4b99-98db-3693b7589f97,alienated.skin,available,1.65,15.75,medium,low,9,namesilo,,,
83d1d235-b676-45fc-bf27-5e069ca37a81,cortlandt.skin,available,1.99,17.29,medium,low,9,namesilo,,,30/09/2026 22:25
1d63f4a6-e063-4f51-8076-081f71621588,usaid.skin,available,1.99,17.29,medium,low,5,namesilo,,,28/09/2026 16:09
5ab5b69f-a368-486e-a53e-d22fc99600b8,unifying.skin,available,1.8,19.98,high,low,8,namecheap,,,12/08/2026 22:44
1b8b678c-0396-48ab-8f40-71997e16ab97,broadcasting.skin,available,1.24,13.97,medium,low,12,spaceship,,,28/09/2026 12:27
ffd1383d-e76f-4077-823b-aa757c2dd8fd,protagonist.skin,available,1.24,13.97,high,low,11,spaceship,,,01/10/2026 22:20
1066ce75-dd86-4f2c-a557-d347967e7366,nidifugous.skin,available,1.8,21.98,low,low,10,namecheap,,,03/09/2026 17:08
68a13b7c-0c94-48c5-a636-39d20430d6b5,newsletters.skin,available,1.99,17.29,medium,low,11,namesilo,,,20/09/2026 15:17
65b699ab-7f12-46fd-a4f9-4d2d437ccfd2,darkening.skin,available,1.99,20.99,medium,low,9,name.com,,,13/08/2026 18:10
74a8f9f3-0613-41c8-aecc-f99400e0fdb4,guthrie.skin,available,1.99,17.29,high,low,7,namesilo,,,25/09/2026 06:47
84259252-bd73-4b47-8fb4-8ab9022dd5e3,fluvial.skin,available,1.8,19.98,medium,low,7,namecheap,,,18/08/2026 09:35
e597e0d5-a54b-4f70-8f8c-baae93ec7b10,resolutely.skin,available,1.8,21.98,medium,low,10,namecheap,,,14/09/2026 11:12
ee36e469-5e4f-4c1c-b49c-c8d7cb324b3a,scupper.skin,available,1.99,17.29,medium,low,7,namesilo,,,18/09/2026 17:30
fcbb04b9-001d-4d63-9dea-3a02be3f168a,attorneys.skin,available,1.24,13.97,medium,low,9,spaceship,,,28/09/2026 13:24
1911c40b-8219-424b-aea8-73a60d0c0bda,winding.skin,available,1.8,19.98,medium,low,7,namecheap,,,24/08/2026 18:19
de15c431-3835-42ca-bdad-4d26d9925a49,fuze.skin,available,1.24,13.97,high,low,4,spaceship,,,01/10/2026 19:40
c4cbd28c-9519-4cf8-be90-ef6e4e6ed2e8,agreeing.skin,available,1.54,14.21,high,low,8,porkbun,,,28/09/2026 15:41
c9ec5565-fc27-4781-929d-389161a98f28,oaks.skin,available,1.99,17.29,medium,low,4,namesilo,,,20/09/2026 04:44
d3100299-bf8b-44fe-884a-b99a7eadbdd4,doe.skin,available,1.24,13.97,high,low,3,spaceship,,,29/09/2026 00:39
d8ed31d6-387c-45c0-abae-b2351fab11f8,pretzel.skin,available,1.24,13.97,high,low,7,spaceship,,,30/09/2026 07:15
6d50a87d-bd54-4e9f-9bb1-16209b727eee,paintings.skin,available,1.99,17.29,high,low,9,namesilo,,,27/09/2026 03:04
8526f4df-c7a6-4929-9988-48847ef03c28,aggravated.skin,available,1.65,15.75,medium,low,10,namesilo,,,
0d412aa4-b5d7-4861-8949-4aeb2a3f774b,onset.skin,available,1.8,21.98,high,low,5,namecheap,,,04/09/2026 14:29
aa2356d7-c44b-43cd-ab77-a8cc9e7226e3,compare.skin,premium,845,845,high,low,7,namecheap,,,24/09/2026 16:43
bcd002a6-d09a-48d8-9dee-5d9500aa8e4f,christmas.skin,premium,832,832,high,low,9,namesilo,,,29/09/2026 09:08
68c19e73-beaa-48b0-b4cf-45cd23698f97,confucian.skin,available,1.8,19.98,high,low,9,namecheap,,,12/08/2026 21:15
c360b4a9-07ff-4ee7-a4ea-012b9b18649a,stiff.skin,available,1.8,19.98,medium,low,5,namecheap,,,09/08/2026 16:54
2ff74be7-c576-4cab-8ef6-fb34236452f1,coolidge.skin,available,1.99,17.29,medium,low,8,namesilo,,,02/10/2026 04:13
5f4fc193-8a6e-473d-bb20-4bbb5b31d642,movements.skin,available,1.99,17.29,low,low,9,namesilo,,,28/09/2026 12:36
674b1847-1f80-43ca-9e32-1f1ec74ce7a3,gauche.skin,available,1.8,19.98,medium,low,6,namecheap,,,18/08/2026 20:41
9520c22b-e8cf-49de-a892-9da6893596fd,ambled.skin,available,1.99,17.29,medium,low,6,namesilo,,,20/09/2026 05:58
fb3b40d1-71b5-4fc0-a5ab-5f4f6bf3c4be,anseres.skin,available,1.99,17.29,medium,low,7,namesilo,,,19/09/2026 12:08
b8372b0d-cef1-4e60-b2bc-41adc26bc8c0,racial.skin,available,1.8,21.98,high,low,6,namecheap,,,09/09/2026 09:19
c3507fbb-a23c-4157-8c8b-97701907cf9c,rehearsal.skin,available,1.8,21.98,high,low,9,namecheap,,,27/09/2026 03:47
c0cb7df0-37e8-4beb-b45c-806e82ce8e18,quarantine.skin,available,1.99,17.29,medium,low,10,namesilo,,,28/09/2026 15:10
02ee24ef-f0d1-43fc-a1ee-24c44db362a9,adopt.skin,available,1.24,13.97,high,low,5,spaceship,,,28/09/2026 03:18
7d6d62d9-6af7-4313-ba4d-84691d43281e,maguire.skin,available,1.24,13.97,high,low,7,spaceship,,,28/09/2026 04:17
c17731f0-aec7-47ae-89ed-24074fe4e2d1,unanimous.skin,available,1.8,19.98,high,low,9,namecheap,,,12/08/2026 22:33
bda0dd47-7b33-42b0-87f4-33df38be2986,sozzled.skin,available,1.8,19.98,low,low,7,namecheap,,,09/08/2026 16:23
8f782494-01e6-47f1-ad7e-4e468b8a261a,dodgers.skin,available,1.24,13.97,high,medium,7,spaceship,,,30/09/2026 00:43
69558060-f0bf-442c-84f9-f4f4825a411d,paf.skin,available,1.24,13.97,high,low,3,spaceship,,,01/10/2026 23:20
d03716c4-f2f6-4cb3-a6b7-11f1d4559ea3,mummy.skin,available,1.24,13.97,high,low,5,spaceship,,,28/09/2026 10:18
4b620016-80d2-460c-8bc4-42b6acdefb38,gloaming.skin,available,1.8,21.98,medium,low,8,namecheap,,,11/09/2026 21:41
b261475b-c0d4-482c-ab66-f65bf3f6f93d,overside.skin,available,1.8,21.98,medium,low,8,namecheap,,,15/09/2026 18:29
18280cd8-4925-45d2-8e25-6c0cc9422179,administration.skin,available,1.24,13.97,high,low,14,spaceship,,,02/10/2026 12:30
78bcf753-c8ec-445b-8e77-cb5b2ee8b072,conditionally.skin,available,1.24,13.97,medium,low,13,spaceship,,,29/09/2026 14:42
58cb2c35-6e3e-447b-a921-614c5eb8e0ca,permian.skin,available,1.99,17.29,high,low,7,namesilo,,,27/09/2026 15:11
05b58722-6fb7-446c-a37a-fd67c3197884,royce.skin,available,1.99,17.29,high,low,5,namesilo,,,28/09/2026 04:09
bc655724-be2e-418e-ac85-cb9bac928752,overthrow.skin,available,1.99,17.29,medium,low,9,namesilo,,,29/09/2026 07:47
e64ae7ca-83bc-41f7-a549-99eddea70c8b,knockdown.skin,available,1.8,19.98,medium,low,9,namecheap,,,22/08/2026 16:34
8749bf42-808a-42bc-b3ca-2c13dfccbb5b,trumpcare.skin,available,1.65,15.75,medium,low,10,namesilo,,,
61ec5d17-0647-4a01-af4a-dad8521cba53,underserved.skin,available,1.24,13.97,medium,low,11,spaceship,,,30/09/2026 03:54
9aacf326-8cab-4630-b794-84adced89879,allis.skin,available,1.99,17.29,medium,low,5,namesilo,,,18/09/2026 11:06
143f0310-08d4-4614-a462-544df3eda279,regulated.skin,available,1.8,21.98,high,low,9,namecheap,,,09/09/2026 13:06
44d61383-3b42-4ff5-b402-394e296ba89a,juries.skin,available,1.8,21.98,low,low,6,namecheap,,,30/09/2026 07:25
113e546d-e903-4e29-9670-00c7e2c2b470,component.skin,available,1.8,21.98,high,low,9,namecheap,,,23/09/2026 20:58
1b727e9d-1c4b-43d0-8ef2-73549d8e583f,lithium.skin,available,1.8,19.98,high,low,7,namecheap,,,23/08/2026 00:43
e0fb713f-0c09-4f7e-b0ba-bb65bae678b3,trilingual.skin,available,1.8,21.98,high,low,10,namecheap,,,11/09/2026 19:48
35867b0f-4132-4d2b-9b8d-7fbb5cf3f465,xvii.skin,available,1.99,17.29,medium,low,4,namesilo,,,21/09/2026 11:53
1b36acc8-971d-42b5-9785-5b2bc80b88b1,chariot.skin,available,1.24,13.97,high,low,7,spaceship,,,29/09/2026 11:53
64ad52f4-3e5b-4fbb-b78d-bbca6b8fe0d7,herbst.skin,available,1.8,21.98,medium,low,6,namecheap,,,02/10/2026 21:38
5229555b-c81e-4ef8-b590-e56058642294,mentions.skin,available,1.99,17.29,medium,low,8,namesilo,,,17/09/2026 17:25
0256b529-5694-4fce-8695-e56c94fdfec3,asses.skin,available,1.99,17.29,low,low,5,namesilo,,,30/09/2026 15:16
3892f878-ab0e-4048-882f-85989e24c833,focused.skin,available,1.24,13.97,high,low,7,spaceship,,,01/10/2026 15:45
14ec1e72-2cff-4b58-8945-aa2d50e3489e,amyloid.skin,available,1.65,15.75,medium,low,7,namesilo,,,
ede4a199-020b-4251-a8d1-ea476d5993fe,conceivable.skin,available,1.24,13.97,medium,low,11,spaceship,,,02/10/2026 02:06
4820b0e0-a6da-43b5-af12-7d5249dff902,empiric.skin,available,1.8,19.98,medium,low,7,namecheap,,,16/08/2026 18:19
437e1b09-5930-4065-8881-6596273e5145,candent.skin,available,1.8,19.98,medium,low,7,namecheap,,,11/08/2026 16:37
08e3b4ce-b2bf-434b-9dfc-b8bb01682733,daria.skin,available,1.99,17.29,medium,low,5,namesilo,,,03/10/2026 04:49
a31e4d15-8734-4444-8bd0-e12b6bb0b03e,adorable.skin,available,1.8,21.98,high,low,8,namecheap,,,21/09/2026 19:18
d2ce43f2-590d-4dd9-9d80-e3ac8607ca3e,mishap.skin,available,1.24,13.97,high,low,6,spaceship,,,02/10/2026 16:07
aeb31dd6-9a21-463b-9ac4-671e6e2242ec,ideologic.skin,available,1.8,19.98,medium,low,9,namecheap,,,21/08/2026 18:04
597c61ed-0266-4563-b93b-ff830f6cdffc,regrets.skin,available,1.54,14.21,medium,low,7,porkbun,,,28/09/2026 15:15
3918ca88-b228-49c6-ac30-7b6b0dd00687,keyless.skin,available,1.8,19.98,medium,low,7,namecheap,,,22/08/2026 15:44
88a3b1dd-c4aa-4716-907a-ab9834222eed,inanimate.skin,available,1.8,19.98,medium,low,9,namecheap,,,22/08/2026 00:17
610f6a25-9c7a-45ea-aa61-48fd3408fe89,arethusa.skin,available,1.99,17.29,medium,low,8,namesilo,,,20/09/2026 04:04
6469d8eb-0ecc-4ae5-8d6c-e2b992c43cff,demoralize.skin,available,1.8,19.98,medium,low,10,namecheap,,,13/08/2026 02:16
a7948970-020b-4e0e-b5f4-d440bcf3b13a,glimmery.skin,available,1.8,19.98,high,low,8,namecheap,,,20/08/2026 14:28
4865cfc6-b666-4750-b6a7-23596f2b2e14,etcetera.skin,available,1.8,21.98,high,low,8,namecheap,,,13/09/2026 19:52
5204a8b5-8ec4-4351-989a-a3d3534a4e2d,gallium.skin,available,1.99,17.29,medium,low,7,namesilo,,,20/09/2026 22:50
0b0443ad-f1c4-452e-8b78-891bb1e91d22,undeclared.skin,available,1.8,21.98,medium,low,10,namecheap,,,12/09/2026 07:06
b82951c7-ab78-472b-b9d9-608867bff7cf,heracles.skin,available,1.99,17.29,high,low,8,namesilo,,,18/09/2026 04:03
0046c3bc-ecce-4d79-8e59-fcaca59a5342,prune.skin,available,1.99,17.29,high,low,5,namesilo,,,03/10/2026 01:51
b71e4a19-4799-487c-9e92-2c0bd666a5e8,biogenesis.skin,available,1.99,20.99,high,low,10,name.com,,,23/09/2026 18:02
084b9218-2b5a-4c64-ba06-71a55a21ce84,kean.skin,available,1.24,13.97,medium,low,4,spaceship,,,29/09/2026 00:45
a4587253-e347-46ac-8093-347ca5d1a5f6,wanna.skin,available,1.99,0,high,low,5,name.com,,,26/09/2026 00:48
fea287df-785a-4097-bc3e-0f47bd68d2be,capillary.skin,available,1.8,19.98,high,low,9,namecheap,,,11/08/2026 17:53
7a683fb6-3218-41e5-9e0a-63df2b358cea,mentally.skin,available,1.8,21.98,medium,low,8,namecheap,,,15/09/2026 14:13
0cb46b24-b43e-41b9-9e93-f6aa00343022,pfa.skin,available,1.54,14.21,high,low,3,porkbun,,,02/10/2026 20:00
280b52f7-fc19-4cd1-a55f-ee7af684b8ab,turbine.skin,available,1.99,17.29,high,low,7,namesilo,,,30/09/2026 03:04
6d64a376-303d-4610-b9b2-e03a3a984030,redlands.skin,available,1.99,17.29,high,low,8,namesilo,,,01/10/2026 12:23
e5f84a92-9f36-4dcd-a3cf-372667ecf257,holyoke.skin,available,1.99,17.29,medium,low,7,namesilo,,,28/09/2026 08:11
932a69c3-f15f-4d3a-bd48-b78cab5d615b,aca.skin,available,1.99,17.29,high,low,3,namesilo,,,29/09/2026 09:04
9fb1a16c-f06e-4977-9fab-2f8697b74a91,thereabout.skin,available,1.99,17.29,medium,low,10,namesilo,,,16/09/2026 08:39
859feaf0-6f32-4942-ba41-2249ef1414ac,jonesboro.skin,available,1.24,13.97,medium,low,9,spaceship,,,01/10/2026 02:47
a137fbd5-b627-4134-8677-d219431f0730,charcot.skin,available,1.24,13.97,medium,low,7,spaceship,,,02/10/2026 23:56
f600c725-4fba-4e7e-bcb6-92df5482b197,wolverine.skin,premium,2660,2660,high,low,9,namesilo,,,24/09/2026 12:48
cd5ce6b7-f7ad-43b8-ae22-0e47d7495b06,armada.skin,available,1.24,13.97,high,low,6,spaceship,,,28/09/2026 22:05
ba83a2b2-ff6f-4a16-bc2a-69008e92f79d,tamanoir.skin,available,1.99,17.29,medium,low,8,namesilo,,,19/09/2026 12:16
bd1aa48d-6a4d-4ee0-94db-a905df8f9d1b,seaboard.skin,premium,2600,2600,high,low,8,namecheap,,,02/10/2026 06:21
4dabba84-7c43-48e1-a9d9-d65d231bfcb8,ellsworth.skin,available,1.24,13.97,medium,low,9,spaceship,,,27/09/2026 13:20
435c2271-168a-41c6-b227-1d1efee20c96,ruhr.skin,available,1.24,13.97,medium,low,4,spaceship,,,29/09/2026 02:04
0971adb5-a86e-4ac8-abe3-0bdeb4df5f14,analyzer.skin,available,1.99,17.29,high,low,8,namesilo,,,19/09/2026 01:55
0c441f3e-2254-44a1-a570-6b393b18170b,keister.skin,available,1.8,19.98,low,low,7,namecheap,,,09/08/2026 11:08
02259b09-17a5-42f8-96b7-14556565bb51,mcneil.skin,available,1.24,13.97,high,medium,6,spaceship,,,28/09/2026 17:55
4ba5a737-1b39-4074-8c97-1742bfbb186b,shia.skin,available,1.54,10.84,medium,low,4,porkbun,,,29/09/2026 02:12
3231f72b-6297-4357-b930-2f3be9d704a0,dubbed.skin,available,1.24,13.97,medium,low,6,spaceship,,,30/09/2026 07:36
40cf4690-d85d-47d4-b089-c4d27aa591b5,begun.skin,available,1.99,17.29,medium,low,5,namesilo,,,28/09/2026 08:15
413a48e0-ec04-46db-b98e-911822294d4c,perish.skin,available,1.24,13.97,medium,low,6,spaceship,,,29/09/2026 18:32
71de5e30-3739-4bbb-8dc6-e3717ee81039,deepening.skin,available,1.8,19.98,medium,low,9,namecheap,,,13/08/2026 23:00
3e03f9aa-0b2f-465b-b268-fc6c916c181f,bat.skin,premium,2600,2600,high,low,3,namecheap,,,20/09/2026 18:59
63c1cdb6-d91d-41f1-8bf2-e07413c81f9e,sanctions.skin,available,1.99,17.29,medium,low,9,namesilo,,,20/09/2026 01:56
e6d297e5-9018-4436-911d-b21566c3f33e,undue.skin,available,1.8,19.98,medium,low,5,namecheap,,,17/08/2026 16:19
698d2bb7-0639-4708-a55c-6b138d2a6d64,hindi.skin,available,1.8,19.98,medium,low,5,namecheap,,,21/08/2026 09:32
c8ab5ae1-6b6d-4f8c-b8ce-6ea886676077,theoretic.skin,available,1.8,21.98,medium,low,9,namecheap,,,11/09/2026 12:54
4c7d81fe-e8f1-4e42-993e-859efb19d63b,hartley.skin,available,1.99,17.29,high,low,7,namesilo,,,25/09/2026 04:45
b8510d86-1799-4a1f-b4f3-dce6fdbf22d3,cherished.skin,available,1.8,19.98,high,low,9,namecheap,,,12/08/2026 04:13
a2cf3b13-6c7b-47c3-9bf0-f1ad42892269,bedewed.skin,available,1.8,19.98,medium,low,7,namecheap,,,09/08/2026 06:46
b6fa3470-9fc9-4620-9128-14d4b7b3da3e,nah.skin,available,1.54,14.21,high,low,3,porkbun,,,30/09/2026 11:32
f67d1ec7-0b97-4905-9c93-a427c91315ff,alkaline.skin,available,1.8,21.98,high,low,8,namecheap,,,22/09/2026 00:14
c72852e5-35d4-4f28-be14-848d9da33ac7,plagued.skin,available,1.99,17.29,medium,low,7,namesilo,,,29/09/2026 03:23
8ca6689a-1862-47e3-b849-7bed42fdb7d7,readably.skin,available,1.8,21.98,medium,low,8,namecheap,,,14/09/2026 11:08
da015c08-1f5a-4c49-9d3c-73f37220ed50,actinon.skin,available,1.65,15.75,medium,low,7,namesilo,,,
ee2ff05a-51f3-4034-938e-2a59b70444b3,mallet.skin,available,1.99,17.29,high,low,6,namesilo,,,02/10/2026 05:43
b9027fc0-5ac9-4217-9fef-177407df2a21,erupt.skin,available,1.24,13.97,high,low,5,spaceship,,,30/09/2026 16:28
17b0bb9d-0eb5-4f5f-b79b-01ff58e70c11,entree.skin,available,1.99,20.99,high,low,6,name.com,,,16/09/2026 22:08
264674a0-cf0f-482d-9455-907fba2a8fe0,southern.skin,available,1.24,13.97,high,low,8,spaceship,,,27/09/2026 23:59
01d488a9-a153-49d6-a863-71abc2a84570,counselling.skin,available,1.99,17.29,high,low,11,namesilo,,,17/09/2026 12:13
c5241a53-895e-4eb5-ac94-2f01f2528736,kills.skin,available,1.8,21.98,medium,low,5,namecheap,,,25/09/2026 21:19
6fff6227-9efa-4844-ab7e-b90e263bcf73,swimsuit.skin,available,1.99,17.29,high,low,8,namesilo,,,22/09/2026 13:37
b4c7848c-68b6-424b-9777-a921bb5fd3eb,leaded.skin,available,1.8,19.98,medium,low,6,namecheap,,,22/08/2026 21:42
d25affaa-3357-4707-b8bd-37768e1f1fb2,scarey.skin,available,1.8,19.98,medium,low,6,namecheap,,,12/08/2026 05:21
84cb6a09-f1ed-4f93-8433-20b03b6a1a18,stitching.skin,available,1.99,17.29,high,low,9,namesilo,,,02/10/2026 16:44
39a2ce9d-c4fe-464a-a7fc-8b150b772896,glasgow.skin,available,1.24,13.97,high,low,7,spaceship,,,29/09/2026 12:50
031e641c-605b-433b-80b8-ec6d1f32a7be,ocd.skin,available,1.24,13.97,high,low,3,spaceship,,,30/09/2026 11:49
40062fbe-854f-4e28-873d-f3d90bf9c382,snuggle.skin,available,1.8,21.98,high,low,7,namecheap,,,24/09/2026 20:12
89fce1f8-edfc-4e8c-8dda-3cd08c53046d,summery.skin,available,1.8,21.98,high,low,7,namecheap,,,11/09/2026 01:38
50855743-691a-46c7-9be8-706cc826d02c,donaldson.skin,premium,2660,2660,medium,low,9,namesilo,,,27/09/2026 01:45
880ca6a6-c0ba-420f-9d41-b7041b8aa876,tin.skin,available,1.99,17.29,high,low,3,namesilo,,,28/09/2026 23:00
ffdc5917-5fdc-4d4f-a580-246480ea56f6,resistance.skin,available,1.8,21.98,high,low,10,namecheap,,,12/09/2026 07:26
991fc7b2-a511-4e85-8f11-ee15d325315d,becca.skin,premium,2660,2660,high,low,5,namesilo,,,03/10/2026 05:08
9563058d-b0c4-4856-8373-43d408641d06,darmstadt.skin,available,1.99,14.45,medium,low,9,dynadot,,,28/09/2026 22:04
c8ed8834-b6c6-4bce-9b8f-83e999bb9c5d,lustrous.skin,available,1.8,19.98,high,low,8,namecheap,,,11/08/2026 11:00
8d1d64f7-c03d-4451-bfc0-47f64d54038e,germania.skin,available,1.99,17.29,medium,low,8,namesilo,,,29/09/2026 21:50
cb3f58e9-62ad-488f-ae33-e2633bb447db,trifling.skin,available,1.8,21.98,medium,low,8,namecheap,,,05/09/2026 00:21
ea532866-a2e4-4fca-9e15-0db1534a7878,seperation.skin,available,1.99,17.29,low,low,10,namesilo,,,18/09/2026 17:16
3291bfc9-582a-4d81-aae4-e842dd8619a9,hamm.skin,available,1.99,17.29,medium,low,4,namesilo,,,29/09/2026 21:55
69ef54da-3bb2-457b-b2ea-bb8f7cbde534,danbury.skin,available,1.24,13.97,medium,low,7,spaceship,,,29/09/2026 10:05
f8636e49-98ed-4509-bf5c-133c90b8f00a,delegation.skin,available,1.8,21.98,high,low,10,namecheap,,,24/09/2026 21:32
b1b637fa-f4bd-4c86-8397-2516eb59761e,troop.skin,available,1.99,14.45,high,low,5,dynadot,,,28/09/2026 02:58
a9e4aa04-fac5-496e-8244-f1de05e972c9,allan.skin,available,1.99,17.29,high,low,5,namesilo,,,28/09/2026 16:24
6fa133ed-ee56-4e45-9ce7-b54c47dd41c6,partake.skin,available,1.99,17.29,high,low,7,namesilo,,,30/09/2026 11:28
4afb4a20-a5da-4e13-b3d7-037104d5ec7c,cvs.skin,premium,2660,2660,high,low,3,namesilo,,,01/10/2026 23:45
79f5f104-8212-41c9-ae29-e90f7dc0450a,self.skin,premium,845,845,high,medium,4,namecheap,,,19/09/2026 02:59
d664d3b2-1ccb-40b6-8be7-a2f0e5384be8,millennial.skin,available,1.8,19.98,high,low,10,namecheap,,,24/08/2026 23:16
d19c1057-05c7-4668-a368-e8091c3d47e8,unadorned.skin,available,1.8,21.98,high,low,9,namecheap,,,11/09/2026 23:54
1d286c57-4bde-4f60-b345-bce7f8958df3,alkalinity.skin,available,1.8,21.98,medium,low,10,namecheap,,,18/09/2026 08:19
22765555-579e-424b-b8f5-b91e9b9d2b83,alteration.skin,available,1.99,17.29,high,low,10,namesilo,,,18/09/2026 14:42
c57bfb6a-0cd0-4243-a870-5d6624549b46,stampede.skin,available,1.8,21.98,high,low,8,namecheap,,,30/09/2026 11:05
cac67d91-3d2c-4d4a-85c3-2757d938dd35,adad.skin,available,1.8,21.98,medium,low,4,namecheap,,,17/09/2026 06:02
cbedbb43-f9b0-4c05-be37-17cf554f6feb,been.skin,available,1.8,21.98,medium,low,4,namecheap,,,02/10/2026 15:02
0d6a9a7d-bb32-4385-8f4c-b896cf18ec9e,modernized.skin,available,1.99,17.29,high,low,10,namesilo,,,19/09/2026 17:17
82e3a267-ad08-4411-ba27-4055d1a77a90,teacher.skin,available,1.99,17.29,high,low,7,namesilo,,,30/09/2026 00:13
1799f27f-74eb-4d0d-9466-5f7e0823176a,endanger.skin,available,1.99,17.29,high,low,8,namesilo,,,30/09/2026 02:16
357675b6-2919-4a80-a452-12379d45ecb3,hardback.skin,available,1.8,19.98,high,low,8,namecheap,,,21/08/2026 00:40
b7994565-8d2e-433e-bd05-01f09bc05547,markovian.skin,available,1.8,19.98,medium,low,9,namecheap,,,24/08/2026 16:06
b0cb6da4-23b8-484d-a9e4-444831e6ed04,claxon.skin,available,1.8,21.98,medium,low,6,namecheap,,,23/09/2026 01:29
9a0cce7e-8be5-465d-9e09-0797afb6bfff,journeyman.skin,available,1.99,17.29,medium,low,10,namesilo,,,28/09/2026 22:18
b3a31faa-2ab6-45ef-b223-7b5d6b52d17d,razor.skin,available,1.99,17.29,high,low,5,namesilo,,,30/09/2026 09:10
d89c9563-e4b5-4d7c-be02-453ed5248166,epidural.skin,available,1.8,19.98,high,low,8,namecheap,,,17/08/2026 10:52
15c2389a-cd7a-48ec-9bd7-89bc3b7a9fd6,woeful.skin,available,1.8,19.98,medium,low,6,namecheap,,,17/08/2026 16:46
e2515f3e-2003-47bb-8532-944ac9d84cb4,leonine.skin,available,1.8,19.98,medium,low,7,namecheap,,,22/08/2026 23:57
19a1bd2d-623d-47ca-ba3f-5565417ce4ce,inform.skin,available,1.24,13.97,high,low,6,spaceship,,,30/09/2026 20:20
46e5a009-45e8-4cb8-9645-af7c59d25d7c,ant.skin,available,1.99,14.45,high,medium,3,dynadot,,,28/09/2026 21:35
b3bdc5c4-d3fa-48a1-8d83-5a0574dcf48f,anagnost.skin,available,1.8,21.98,medium,low,8,namecheap,,,19/09/2026 01:26
8b2ceae1-9fb1-4f0d-9f9d-a50b150798b2,resinous.skin,available,1.8,21.98,medium,low,8,namecheap,,,09/09/2026 15:13
d340c929-e18b-4a14-bdbc-a7dd925a395f,footballers.skin,available,1.99,17.29,high,low,11,namesilo,,,20/09/2026 13:07
deb679ba-e5b2-4348-9c28-c787472b237a,spiraea.skin,available,1.8,21.98,medium,low,7,namecheap,,,20/09/2026 17:28
31744327-242d-4fce-8366-af4fd1e16544,latitude.skin,available,0.99,25.99,high,low,8,godaddy,,,30/09/2026 02:08
87b0a40d-302d-41cd-99d5-86cf30bf9620,allophone.skin,available,1.99,17.29,medium,low,9,namesilo,,,18/09/2026 12:02
5950f0da-3be0-4211-a7c1-98a63e8fff5b,xhosa.skin,available,1.24,13.97,high,low,5,spaceship,,,03/10/2026 02:22
82d4718c-63ec-4923-b280-0978df8e7cc5,profitless.skin,available,1.8,21.98,medium,low,10,namecheap,,,09/09/2026 02:50
2af0b9e0-4607-4e3b-8d4d-a78c922be437,bundle.skin,available,1.24,13.97,high,low,6,spaceship,,,29/09/2026 02:36
30e0641d-7858-44bc-ab52-52d6d9b2a1bc,concepts.skin,available,1.24,13.97,medium,low,8,spaceship,,,29/09/2026 22:50
b4e5b211-0c5c-4cca-8485-9b97b8ef972f,wineberry.skin,available,1.99,17.29,medium,low,9,namesilo,,,20/09/2026 05:57
3c123d51-d02e-4e22-9853-b647038b0366,graveyard.skin,available,1.24,13.97,high,low,9,spaceship,,,28/09/2026 01:14
5eb65ed1-a5cc-442c-91a0-302cf08a98e0,shortages.skin,available,1.99,17.29,medium,low,9,namesilo,,,21/09/2026 03:14
37752333-a5da-4a5d-b26d-d2fd1d4d1a0b,unplug.skin,available,1.99,17.29,high,low,6,namesilo,,,29/09/2026 15:31
cd01e790-6027-48f8-b8a4-41c548dea742,whole.skin,available,1.99,17.29,high,low,5,namesilo,,,22/09/2026 00:29
e1197b6c-e6fd-41e6-a2e5-17c46a72bc03,unkept.skin,available,1.8,21.98,medium,low,6,namecheap,,,12/09/2026 14:09
021b8937-e902-43bb-8fb6-0b73c30ec703,kilmarnock.skin,available,1.24,13.97,high,low,10,spaceship,,,01/10/2026 07:24
ed2b3bb8-f7f1-4771-831b-ee33c13748db,ebionite.skin,available,1.8,19.98,medium,low,8,namecheap,,,14/08/2026 23:04
4df03e4f-e6aa-4a58-866e-6b746f1c9957,tompkins.skin,available,1.24,13.97,medium,low,8,spaceship,,,28/09/2026 08:31
efdb4b15-c12d-4376-a7ae-2f9ea3ae6b5e,pricy.skin,available,1.8,19.98,medium,low,5,namecheap,,,21/08/2026 08:58
14566e38-ff2f-406e-866d-79bb6e2a52ca,fluky.skin,available,1.8,19.98,medium,low,5,namecheap,,,18/08/2026 09:19
74fb6ba9-b004-45ff-859a-ed4166a69f71,sheepdog.skin,available,1.99,,high,low,9,name.com,,,
c7b6197b-fefd-4aee-902b-d25ea9fe34e8,killingly.skin,available,1.8,21.98,low,low,9,namecheap,,,15/09/2026 10:22
3aaafb88-c865-4746-ad6e-39c2055c7e27,unkempt.skin,available,1.8,21.98,medium,low,7,namecheap,,,12/09/2026 14:07
92bc6bc2-b113-4fab-9594-48adf53bd2bf,creations.skin,available,1.99,17.29,medium,low,9,namesilo,,,01/10/2026 00:49
27de11e1-57ec-4560-b22c-26f2967ac695,guardians.skin,available,1.99,17.29,medium,low,9,namesilo,,,30/09/2026 00:06
a74cc2bc-f402-4544-9b19-2ee8682524f5,cutaneal.skin,available,1.99,20.99,high,low,8,name.com,,,13/08/2026 12:57
edd10c19-1333-4496-9a60-bac882ac8ab9,theobald.skin,available,1.54,14.21,medium,low,8,porkbun,,,29/09/2026 15:20
6c3e5485-b807-467d-96cd-f75dd33e07b3,earthworm.skin,available,1.8,21.98,high,low,9,namecheap,,,19/09/2026 06:33
a0993ebf-45ad-4a8e-aef3-e5c255035ef9,entangled.skin,available,1.8,19.98,medium,low,9,namecheap,,,16/08/2026 13:26
8639b15a-3712-492e-b95f-fd3ad6504cfc,pounds.skin,available,1.8,21.98,medium,low,6,namecheap,,,18/09/2026 01:51
1026cffb-d48a-4bdf-ac61-4415ee924904,venue.skin,available,1.99,14.45,high,low,5,dynadot,,,29/09/2026 01:38
85979792-ff00-482a-ab00-be8c7907078e,surfboard.skin,available,1.99,14.45,high,low,9,dynadot,,,30/09/2026 12:33
88cfd0bf-a971-4a26-ac81-df7c844c73cf,darnell.skin,available,1.24,13.97,medium,low,7,spaceship,,,01/10/2026 10:55
58939e01-d2f5-4cce-85b1-fe61ece593b1,dalliance.skin,available,1.8,21.98,medium,low,9,namecheap,,,11/09/2026 19:38
96674c03-81ce-400a-b36b-8d67d6164829,nicodemus.skin,available,1.99,17.29,high,low,9,namesilo,,,03/10/2026 03:43
e3326f00-9718-4509-85c8-f8b1bd0ccc04,devotions.skin,available,1.99,17.29,medium,low,9,namesilo,,,20/09/2026 02:07
e4df2ab7-3b7e-4791-9c17-04a2df4fd0ec,peta.skin,available,1.24,13.97,high,medium,4,spaceship,,,03/10/2026 04:43
d230d903-087a-450a-9086-100d0364004e,conveyed.skin,available,1.24,13.97,medium,low,8,spaceship,,,02/10/2026 01:56
1936ed73-2688-48e7-a034-267d14edeb50,tentacles.skin,available,1.24,13.97,medium,low,9,spaceship,,,02/10/2026 03:57
66419b7e-9e60-44cf-a527-228a80d72052,matt.skin,available,1.99,17.29,high,high,4,namesilo,,,25/09/2026 17:38
ed2e3074-c811-4898-945d-c191d14fefa8,monsters.skin,available,1.99,17.29,high,medium,8,namesilo,,,27/09/2026 03:16
16d5f2ad-a178-42d0-9970-78806bded4c0,defense.skin,available,1.99,17.29,high,low,7,namesilo,,,29/09/2026 13:31
e5d9242f-49c2-45c7-8e58-b764eff8786a,cornelia.skin,available,1.24,13.97,medium,low,8,spaceship,,,28/09/2026 07:53
c0087ab7-c938-44d5-b282-0427d493c6e3,arco.skin,available,1.8,19.98,medium,low,4,namecheap,,,06/08/2026 16:02
d8c7d6ee-9be3-446c-aa92-30641fcd7684,cometary.skin,available,1.8,19.98,medium,low,8,namecheap,,,12/08/2026 18:56
d5874043-5d6f-4e6e-bb90-a11b02da3496,audi.skin,premium,2070.2,2070.2,high,high,4,spaceship,,,02/10/2026 06:46
19d13f5e-a6a3-424b-a680-e4ad5b5c0651,acquittal.skin,available,1.99,17.29,high,low,9,namesilo,,,17/09/2026 02:42
779583ed-b9ad-4535-8f47-dc5c0085b50f,lawsuits.skin,available,1.99,17.29,medium,low,8,namesilo,,,29/09/2026 11:39
ac173944-c13b-4c35-8831-37a31afefc0c,adobo.skin,available,1.99,17.29,medium,low,5,namesilo,,,17/09/2026 09:29
c0872131-85b6-4bfa-b677-903d103570a3,backyard.skin,available,1.8,21.98,high,low,9,namecheap,,,21/09/2026 16:22
c05785cb-dbde-488c-9e62-5c64a05d6e16,intermodal.skin,available,1.99,17.29,high,low,10,namesilo,,,29/09/2026 16:19
4b8a5457-5e2d-45cd-ba86-2986cf176dd9,athene.skin,available,1.8,21.98,high,low,6,namecheap,,,20/09/2026 20:37
3b574034-9737-42dd-bab1-2ea9742d46b9,babinski.skin,available,1.99,17.29,medium,low,8,namesilo,,,21/09/2026 12:44
a0146458-880a-4c8f-b40a-19c14518fdfc,eolic.skin,available,1.99,17.29,low,low,5,namesilo,,,17/09/2026 12:36
1a6e8eda-b5f8-4d52-8861-7972cf7ef3e8,shahid.skin,available,1.24,13.97,medium,low,6,spaceship,,,02/10/2026 18:39
f6368328-2144-499a-908c-9baa0967ee84,reassuring.skin,available,1.8,21.98,high,low,10,namecheap,,,09/09/2026 11:14
1c6ae0a1-36c5-4e75-a212-f2631ea883ac,mack.skin,premium,672.95,672.95,high,low,4,spaceship,,,28/09/2026 02:18
d38d860c-62da-44dc-adb0-cdca292706f8,steed.skin,available,1.24,13.97,high,low,5,spaceship,,,01/10/2026 21:53
333f8da1-2105-4169-b104-e7105e6939fb,jellyfish.skin,available,1.99,17.29,high,low,9,namesilo,,,01/10/2026 02:43
9638525d-bfdd-4c83-a7bc-654f2466d149,semirigid.skin,available,1.8,21.98,medium,low,9,namecheap,,,10/09/2026 03:19
c57ff8b9-1cdb-4864-9037-a5eedee90231,chapstick.skin,available,1.65,15.75,high,low,9,namesilo,,,
e6315652-7cb6-48ab-a607-f08611a5a292,constraining.skin,available,1.99,17.29,medium,low,12,namesilo,,,01/10/2026 23:03
c207c0c3-b486-4b3b-afac-1ca5137b52c9,extras.skin,available,1.65,15.75,medium,low,6,namesilo,,,
2593e1e0-4095-47fb-8c44-216d47f6932e,implanted.skin,available,1.8,19.98,medium,low,9,namecheap,,,13/08/2026 22:47
acd9be0f-207a-4f18-adf0-7304cf7776d6,schilling.skin,available,1.99,17.29,high,low,9,namesilo,,,21/09/2026 04:58
37aef1cf-0db1-4646-b794-3548047bf804,tomboyish.skin,available,1.8,19.98,medium,low,9,namecheap,,,21/08/2026 14:32
65d849cf-2094-4d4a-bdb9-ac0b3891f1ac,fleets.skin,available,1.99,17.29,medium,low,6,namesilo,,,02/10/2026 23:02
172d4bf1-33fa-4884-b16d-f6c8af06392d,guile.skin,available,1.8,19.98,medium,low,5,namecheap,,,13/08/2026 10:41
8727942b-8a08-481f-8785-34cf00a2381e,boil.skin,available,1.99,17.29,medium,low,4,namesilo,,,29/09/2026 00:13
d3ea00f4-2ff2-4884-b752-329f35c12c63,veiled.skin,available,1.8,21.98,medium,low,6,namecheap,,,13/09/2026 01:50
d815f63f-59c0-414c-977d-5101b335d239,preventive.skin,available,1.99,17.29,high,low,10,namesilo,,,23/09/2026 22:24
030f78af-7900-4569-a232-3f1f597ac457,baboon.skin,available,1.99,17.29,high,low,6,namesilo,,,21/09/2026 12:58
caed9d5d-b038-41b8-a5c7-a223faeb310b,purposely.skin,available,1.8,21.98,medium,low,9,namecheap,,,13/09/2026 17:36
234d535b-fd56-4f2e-a99a-3d7ce4573063,goodness.skin,available,1.54,14.21,high,low,8,porkbun,,,28/09/2026 02:02
dfdb34cf-f44f-491e-9405-a05e20cb9ab4,conor.skin,available,1.99,17.29,high,low,5,namesilo,,,30/09/2026 13:01
d6833e9e-ef89-4f9d-ab8c-6a7ed84f6f52,lake.skin,available,1.8,21.98,high,low,4,namecheap,,,30/09/2026 01:56
d873a27c-0b57-4f4e-b34f-9929c5afce91,satiable.skin,available,1.8,21.98,high,low,8,namecheap,,,09/09/2026 21:37
626fa2bd-8215-4ce5-84a3-ce46632325a7,acarina.skin,available,1.8,21.98,medium,low,7,namecheap,,,16/09/2026 21:31
319da346-0f48-43ff-893a-e343c0361fce,donee.skin,available,1.8,19.98,medium,low,5,namecheap,,,09/08/2026 14:26
79f2974b-8325-4604-9112-04f0c0734fd2,anthropoid.skin,available,1.8,19.98,medium,low,10,namecheap,,,
5857bbcc-a93f-4d8e-ae4a-376b16149f74,esl.skin,available,1.99,17.29,high,low,3,namesilo,,,29/09/2026 23:53
b5b7d9cf-1b4e-4bc7-8d74-cf1bca315a3e,prakash.skin,available,1.99,17.29,medium,low,7,namesilo,,,29/09/2026 15:19
af8f62c0-b696-4888-a626-a1ec3e7968ce,ads.skin,premium,832,832,high,medium,3,namesilo,,,02/10/2026 13:41
9cfe86f6-1d50-42b7-a424-24fd31947ec4,governance.skin,available,1.8,19.98,high,low,10,namecheap,,,20/08/2026 17:22
c2c18c2d-c60d-4250-90d6-b36272c5eebb,achira.skin,available,1.99,17.29,medium,low,6,namesilo,,,17/09/2026 00:42
5544cf3c-a090-4cdf-8329-f0255faeb721,neaten.skin,available,1.8,21.98,high,low,6,namecheap,,,11/09/2026 15:42
5557dacf-5c2b-4410-b0a9-5ffc55604217,saga.skin,available,1.99,17.29,high,medium,4,namesilo,,,30/09/2026 02:45
341e5222-310b-4ab2-9cc5-1b1a58207726,moles.skin,available,1.24,13.97,high,low,5,spaceship,,,03/10/2026 04:25
a14004d8-5bb8-48e1-8152-4fcee35fabdc,crappy.skin,available,1.8,19.98,medium,low,6,namecheap,,,13/08/2026 05:12
cbdd3b18-908e-49e9-a391-86e507f0b066,firefighter.skin,available,1.99,17.29,high,low,11,namesilo,,,30/09/2026 23:57
aec271f1-5b97-4806-be57-6374df2df7a5,huge.skin,premium,2660,2660,high,low,4,namesilo,,,25/09/2026 06:09
81979366-c021-47ad-88c3-7275a94abc2a,alger.skin,available,1.8,21.98,medium,low,5,namecheap,,,18/09/2026 06:56
2fbc6ead-cb8e-45c9-8ce4-b35eee5f1072,catchy.skin,available,1.8,19.98,high,low,6,namecheap,,,11/08/2026 21:20
45956b88-bf2e-4923-b8a5-71533dbe6bc2,shelley.skin,available,1.24,13.97,medium,low,7,spaceship,,,28/09/2026 10:20
46a17c60-9fee-47a3-a5af-343acac83380,lyrics.skin,available,1.65,15.75,high,low,6,namesilo,,,
0e792adf-b13f-47fc-9940-34e697ff78b8,recommends.skin,available,1.24,13.97,medium,low,10,spaceship,,,02/10/2026 03:44
1eaafe13-7ca6-488d-80c8-88e5f8b6ba0a,extermination.skin,available,1.8,21.98,medium,low,13,namecheap,,,29/09/2026 23:26
f4f9e4d2-a952-4b35-ba5b-9ac1c842f32f,archaeology.skin,available,1.24,13.97,high,low,11,spaceship,,,29/09/2026 22:59
13a7876d-15ad-44b3-b3a7-b8ac50f919d8,argiope.skin,available,1.99,17.29,medium,low,7,namesilo,,,20/09/2026 04:25
fde9c0f7-6f2f-45f3-bc10-1c55350f46f7,bragg.skin,available,1.8,21.98,medium,low,5,namecheap,,,25/09/2026 21:58
96c003b8-073b-4766-b3c8-7dda6fdaac6f,skateboarding.skin,available,1.99,,high,low,13,name.com,,,
6902984e-08f3-4028-a052-7465427ede4d,chian.skin,available,1.8,19.98,medium,low,5,namecheap,,,12/08/2026 04:34
0cb63099-5377-4cd1-8eec-0d439e096240,cfa.skin,available,1.99,17.29,high,low,3,namesilo,,,28/09/2026 03:42
a4ff1b62-c850-4679-ae2e-5b136fb26452,lxvi.skin,available,1.65,15.75,medium,low,4,namesilo,,,
d8fe0711-7109-436b-8ded-b303e97b6b2b,rapturous.skin,available,1.8,19.98,high,low,9,namecheap,,,14/08/2026 23:48
05748e1a-3500-4574-a25d-1fa6b67a0777,soviet.skin,available,1.8,21.98,high,medium,6,namecheap,,,10/09/2026 15:00
9a088c0c-8dc5-4a51-bd02-baf478cd877d,backflow.skin,available,1.99,17.29,high,low,8,namesilo,,,21/09/2026 15:32
0800e516-f36e-413f-9949-e34c0be29851,angeles.skin,available,1.99,17.29,high,low,7,namesilo,,,25/09/2026 16:22
7526df54-2821-426f-ace0-097a2be22c63,balky.skin,available,1.8,19.98,medium,low,5,namecheap,,,08/08/2026 09:55
8d073718-35a2-4481-b71b-d582cc929926,sandhurst.skin,available,1.8,21.98,medium,low,9,namecheap,,,02/10/2026 20:49
8135318b-fde2-4b98-903f-49456e9324ec,locomotive.skin,available,1.8,19.98,high,low,10,namecheap,,,24/08/2026 08:48
34c78199-b20e-4b25-83aa-6f008b0bfc8c,vhf.skin,available,1.99,17.29,high,low,3,namesilo,,,28/09/2026 02:03
6b4d2c32-9c1f-421a-9d13-7481e5c6caee,receptive.skin,available,1.8,21.98,high,low,9,namecheap,,,09/09/2026 11:23
304d1d32-c1d4-42c7-9693-cb48ff53092f,distracting.skin,available,1.99,17.29,low,low,11,namesilo,,,01/10/2026 16:15
1af641c5-024f-4634-a0c7-0b2e309d1c09,supper.skin,available,1.99,17.29,high,low,6,namesilo,,,30/09/2026 12:31
bc895ad9-e37c-4f70-a1dc-7499f22063a2,medallion.skin,available,1.24,13.97,high,low,9,spaceship,,,30/09/2026 10:23
1567e843-ccfc-4c96-b802-ea22228eeeb8,allelic.skin,available,1.65,15.75,medium,low,7,namesilo,,,
65008d26-04e5-4139-8fbf-4aa13e53b7c1,flagging.skin,available,1.8,19.98,medium,low,8,namecheap,,,14/08/2026 19:41
14326a82-6fc2-42b5-9929-4c6876b12e33,barium.skin,available,1.99,17.29,medium,low,6,namesilo,,,20/09/2026 23:19
10a9bcd7-968e-4886-8596-4ca96de1b200,procession.skin,available,1.54,14.21,high,low,10,porkbun,,,29/09/2026 06:59
6c55e127-8707-45f2-8ef0-6597cebc9304,montpellier.skin,available,1.99,14.45,medium,low,11,dynadot,,,28/09/2026 21:53
7ac5d12f-7c72-4270-85e1-b5b20b03835a,tsang.skin,available,1.8,21.98,medium,low,5,namecheap,,,01/10/2026 16:26
0ea145e6-56ea-4f8a-82ad-41a8c02bfe34,morley.skin,available,1.99,17.29,high,low,6,namesilo,,,25/09/2026 05:08
09bbca39-567b-4b41-8b77-8393d1d3b169,preferred.skin,available,1.8,19.98,high,low,9,namecheap,,,09/08/2026 17:53
131c7ff6-24d6-47f1-8f8f-bbe6c3257e9e,tobias.skin,available,1.99,17.29,high,low,6,namesilo,,,27/09/2026 07:33
0f426595-8731-4f61-914e-92233f3ddc35,xiv.skin,available,1.99,17.29,high,low,3,namesilo,,,21/09/2026 11:42
0d829375-87fd-497a-a36b-b9e9884d5bd5,zdv.skin,available,1.99,17.29,medium,low,3,namesilo,,,21/09/2026 11:32
9e70f6e4-2a37-42cd-ab56-f8829598055f,ambitious.skin,available,1.8,21.98,high,low,9,namecheap,,,22/09/2026 03:59
d32ca09a-2edc-444f-87f7-151a9c933873,humming.skin,available,1.24,13.97,high,low,7,spaceship,,,29/09/2026 07:18
a190253b-ba18-4700-9b77-e2474e07ce99,hesiod.skin,available,1.99,17.29,medium,low,6,namesilo,,,02/10/2026 15:41
dcaa410d-6b0c-432c-b8b0-01f3d6880eb5,supplementary.skin,available,1.8,21.98,medium,low,13,namecheap,,,30/09/2026 19:39
5ef8502f-6d39-4d51-8e78-eb1c925da546,affable.skin,available,1.8,21.98,high,low,7,namecheap,,,21/09/2026 21:27
ce1a01c2-db05-465e-898d-5b567fa60f8a,forthwith.skin,available,1.8,21.98,medium,low,9,namecheap,,,10/09/2026 21:39
a6224958-548b-4381-8982-e7f03692fe86,tens.skin,available,1.24,13.97,medium,low,4,spaceship,,,29/09/2026 03:02
e17b3252-7a1e-4269-abb9-c60c08c7d370,motherwell.skin,available,1.24,13.97,medium,low,10,spaceship,,,30/09/2026 18:05
31da8042-11aa-4b7d-a3f4-69e51b0370d5,connell.skin,available,1.24,13.97,medium,low,7,spaceship,,,28/09/2026 22:06
e556d3ea-fbc7-4435-a2a5-aaf714e7051c,christa.skin,available,1.24,13.97,medium,low,7,spaceship,,,03/10/2026 05:15
f99e8501-1cc6-4ee9-a1be-6b4285adce2c,sonoma.skin,available,1.24,13.97,high,low,6,spaceship,,,27/09/2026 20:23
03576a4e-6c74-4ad0-919f-234a217571b9,retribution.skin,available,1.54,14.21,medium,low,11,porkbun,,,30/09/2026 05:59
6eaba2dc-dc0b-4e0b-9331-0444e069e85c,trollop.skin,available,1.99,17.29,medium,low,7,namesilo,,,17/09/2026 10:23
9f1b4092-2c70-4090-a747-074a7bb3f3e2,returned.skin,available,1.54,14.21,high,low,8,porkbun,,,01/10/2026 19:02
fbbd2818-e718-4534-b4bc-9c7733bb8f20,motorcycle.skin,available,1.99,17.29,high,low,10,namesilo,,,30/09/2026 22:56
d3b94a33-707e-4ae1-b983-c8e87b2465d8,gmail.skin,premium,2070.2,2070.2,high,high,5,spaceship,,,01/10/2026 05:14
a535e135-f199-42d0-9e4e-504818715133,persuasion.skin,available,1.99,17.29,high,low,10,namesilo,,,30/09/2026 02:24
12941fa9-2d15-44d7-95a0-7c41f2bac4ce,enmity.skin,available,1.99,17.29,medium,low,6,namesilo,,,19/09/2026 12:26
72c8f6c6-2847-4bcf-ab43-76565ea07a6d,van.skin,available,1.8,21.98,high,low,3,namecheap,,,22/09/2026 14:26
ec14eacc-80da-49aa-a1ca-4ec9e838887c,ictic.skin,available,1.8,19.98,low,low,5,namecheap,,,21/08/2026 17:53
ecd4fdb3-7659-46f7-9ed9-547b4000f581,sassy.skin,available,1.8,21.98,high,low,5,namecheap,,,04/09/2026 20:24
314caa36-b592-41e6-a478-44545af9ec92,caesarea.skin,available,1.54,14.21,medium,low,8,porkbun,,,30/09/2026 08:53
40f56cc2-b835-433f-8b50-9cbb829276b4,cambridge.skin,premium,2660,2660,high,low,9,namesilo,,,24/09/2026 11:51
963c9007-e673-4d1a-be4a-05743a39b49e,cartilage.skin,available,1.99,17.29,high,low,9,namesilo,,,01/10/2026 01:18
ae7c3c56-6747-4060-83eb-21d011c133bd,otago.skin,available,1.99,17.29,high,low,5,namesilo,,,29/09/2026 22:17
4bbf1af3-9c4d-43b5-870d-f000b78b147f,mep.skin,available,1.99,17.29,high,low,3,namesilo,,,30/09/2026 11:32
70acedb6-3237-46b0-8806-e46100cd4048,tasking.skin,available,1.24,13.97,high,low,7,spaceship,,,01/10/2026 23:59
a86eb1fb-83bc-4db0-9436-33f911a6e6bd,chantal.skin,available,1.24,13.97,medium,low,7,spaceship,,,02/10/2026 09:12
a44a1023-cc1a-47dd-8bf3-e4ee8645417d,belgian.skin,available,1.8,19.98,medium,low,7,namecheap,,,09/08/2026 12:51
3b2a1a13-47c1-47a4-b687-58f1dac41be4,oculus.skin,premium,2660,2660,high,high,6,namesilo,,,19/09/2026 18:42
46a98f7d-14bd-4cbe-8490-cb6a8b798af5,fulfil.skin,available,1.54,14.21,high,low,6,porkbun,,,01/10/2026 22:07
2c051249-87a4-4eaf-8535-704529a055b7,cilicia.skin,available,1.24,13.97,medium,low,7,spaceship,,,30/09/2026 13:19
8df68c05-9352-482c-a0ff-d667172664da,initially.skin,available,1.24,13.97,medium,low,9,spaceship,,,28/09/2026 11:32
7369e573-4f87-45e9-8674-a363fe39b690,hazard.skin,available,1.24,13.97,medium,low,6,spaceship,,,28/09/2026 18:59
5e7d4880-76ee-46f5-8869-311d87720e81,modesty.skin,available,1.99,17.29,high,low,7,namesilo,,,30/09/2026 04:51
c4e0abb4-fa09-4135-bb6d-af38b3de8b74,bluegrass.skin,available,1.24,13.97,high,low,9,spaceship,,,02/10/2026 04:05
7fbf2428-ee5d-43d2-a344-e35463b1fa17,supplement.skin,available,1.99,17.29,high,low,10,namesilo,,,17/09/2026 06:43
3c584530-1e27-4207-8cb0-8e07c735639e,bunchy.skin,available,1.8,19.98,medium,low,6,namecheap,,,11/08/2026 09:55
d4cb9fa8-9e52-4c8b-a980-6a45bc92a484,gallaudet.skin,available,1.24,13.97,medium,low,9,spaceship,,,02/10/2026 15:23
2c8edfbe-bf29-4027-9f05-4301b7dd5d91,unstressed.skin,available,1.8,21.98,medium,low,10,namecheap,,,12/09/2026 20:37
c674aae9-5d5a-46ad-a1bb-857856f19dcd,mainstay.skin,available,1.8,21.98,high,low,8,namecheap,,,21/09/2026 15:13
3a74ca20-e541-46aa-a49a-920d98304957,keaton.skin,available,1.24,13.97,medium,low,6,spaceship,,,30/09/2026 00:55
474f3640-a568-4072-bac3-98c01d9dbb38,fabulously.skin,available,1.8,21.98,medium,low,10,namecheap,,,14/09/2026 17:19
e58283fe-8fbc-46a3-a6d8-23beaf7099f2,bronze.skin,available,1.99,17.29,high,low,6,namesilo,,,23/09/2026 09:58
5b5bd707-4fa8-4b56-be5e-c907561142ca,mislabeled.skin,available,1.8,19.98,medium,low,10,namecheap,,,25/08/2026 01:21
56c95d12-ca5d-4aec-a36a-c356f16b5a11,reporters.skin,available,1.24,13.97,medium,low,9,spaceship,,,28/09/2026 00:38
c7a24172-9ba6-4576-9dd7-083915342843,regarded.skin,available,1.24,13.97,high,low,8,spaceship,,,01/10/2026 19:17
3073b664-17cc-4f2b-ae04-370ebeeb6e40,hailed.skin,available,1.99,17.29,medium,low,6,namesilo,,,30/09/2026 15:28
365f7bc7-f1ff-46a8-b1d1-2164582039d6,contestants.skin,available,1.99,14.45,medium,low,11,dynadot,,,29/09/2026 11:30
ed95aa96-f765-4bef-8ffc-5d1988aecda3,mates.skin,available,1.24,13.97,high,low,5,spaceship,,,28/09/2026 10:21
056d3168-0b1f-43e0-ba72-bf36bf280fd7,give.skin,premium,710.1,710.1,high,low,4,porkbun,,,29/09/2026 07:45
1454c700-eb38-4896-a516-612309d336cb,shaanxi.skin,available,1.99,17.29,medium,low,7,namesilo,,,30/09/2026 13:24
07eaa9b5-a6ab-44db-8716-968a0a5f1462,scholastic.skin,available,1.8,21.98,high,medium,10,namecheap,,,09/09/2026 23:13
f70245f6-bc0f-4ad9-86f5-ef2d4f49c3ff,adolescence.skin,available,1.99,14.45,high,low,11,dynadot,,,30/09/2026 14:46
9ea07eeb-df35-42c0-9e2f-b0de8438a0e7,lowers.skin,available,1.99,17.29,medium,low,6,namesilo,,,02/10/2026 12:45
dd3419fd-6fd2-41c8-a8d4-78df77a8ec21,turnbull.skin,available,1.24,13.97,medium,low,8,spaceship,,,28/09/2026 08:25
e4ecbd1f-c4ea-4c77-aa62-0fcd378e5d31,devils.skin,available,1.99,17.29,low,low,6,namesilo,,,28/09/2026 08:49
46576876-1cd9-49a6-815d-2287b72d646f,indicative.skin,available,1.8,19.98,medium,low,10,namecheap,,,13/08/2026 21:42
66648490-f3bc-44e6-a6de-16d107a7c03d,assemblage.skin,available,1.99,17.29,high,low,10,namesilo,,,17/09/2026 17:28
e4132fd0-eb7c-4937-a67d-3c97a2ca5253,eastbound.skin,available,1.8,19.98,high,low,9,namecheap,,,14/08/2026 22:50
f836b492-4070-4f41-a0a6-3af4a2092c73,grateful.skin,available,1.8,19.98,high,low,8,namecheap,,,20/08/2026 18:22
ff248d20-be53-4b46-945c-ee82198dc515,tranquility.skin,available,1.99,17.29,high,low,11,namesilo,,,02/10/2026 01:11
4788ac86-41c2-47f0-8394-9a809a769e1e,boys.skin,available,1.99,17.29,high,low,4,namesilo,,,25/09/2026 17:34
2a1a5da9-a655-40b9-92f2-51e6e1198d94,baja.skin,available,1.24,13.97,medium,low,4,spaceship,,,29/09/2026 21:54
e1d230ab-3992-4ebd-ba00-5fe7bb2344b9,islamabad.skin,available,1.54,14.21,medium,low,9,porkbun,,,29/09/2026 06:15
5950904a-e93d-49b4-9a27-53423820ae8e,laboured.skin,available,1.8,19.98,medium,low,8,namecheap,,,22/08/2026 17:40
627f6028-f0a0-4a2c-82f9-227dd16a5622,atonement.skin,available,1.99,17.29,high,low,9,namesilo,,,21/09/2026 00:28
058e9b11-f61c-4bc5-b71c-03c3e138cd0f,cloaked.skin,available,1.8,19.98,medium,low,7,namecheap,,,12/08/2026 11:28
cdd96c66-5ad8-48b7-874f-10f08fd5461f,asphalt.skin,available,1.99,17.29,high,low,7,namesilo,,,20/09/2026 15:08
7f2b7e9d-23cb-4088-ac54-8aa2ad14a57b,impossibility.skin,available,1.99,17.29,medium,low,13,namesilo,,,30/09/2026 23:16
2b346941-d709-4424-b947-20421a641321,ford.skin,premium,2183.84,2183.84,high,high,4,porkbun,,,29/09/2026 17:45
fa1b58b4-6902-4794-b208-835bcd1b7c1a,compel.skin,available,1.8,21.98,medium,low,6,namecheap,,,03/09/2026 23:39
a02ee823-8250-4962-ae47-9413675ea54e,estimated.skin,available,1.99,17.29,medium,low,9,namesilo,,,17/09/2026 13:47
dfce41b3-818d-4609-99a6-c51f06e5154e,glorified.skin,available,1.8,19.98,high,low,9,namecheap,,,11/08/2026 17:29
af7c7221-3b0e-4598-b7ac-6431ea3e9262,formulated.skin,available,1.8,19.98,high,low,10,namecheap,,,18/08/2026 12:22
e6ff31bf-1cda-44b4-afc8-e4a6b9a632e2,currawong.skin,available,1.99,17.29,medium,low,9,namesilo,,,23/09/2026 05:33
484cc037-32a0-405e-9125-ce4dedca1180,unthinking.skin,available,1.8,19.98,medium,low,10,namecheap,,,24/08/2026 11:16
e89ce7a6-d5f5-4e67-8aa0-ae30ffe950ee,mound.skin,available,1.99,17.29,medium,low,5,namesilo,,,29/09/2026 06:29
338c987d-e469-4aff-a86a-86e95d21fa73,quit.skin,available,1.99,17.29,high,low,4,namesilo,,,24/09/2026 13:22
bad94a07-bb54-4c53-89ca-732e51fbfa7a,eis.skin,available,1.99,14.45,high,low,3,dynadot,,,29/09/2026 16:22
830e9a51-43f3-405e-8953-06a588856e02,erection.skin,premium,2070.2,2070.2,high,low,8,spaceship,,,29/09/2026 00:49
7405c202-f8aa-4c09-b9d9-c55c572fd411,bonaparte.skin,available,1.99,17.29,medium,low,9,namesilo,,,25/09/2026 00:27
941fe388-c335-4a82-a763-fecb5ee08585,similar.skin,available,1.65,15.75,high,low,7,namesilo,,,
cc5c59e6-6a83-499b-9308-3731805abb91,wood.skin,premium,832,832,high,medium,4,namesilo,,,25/09/2026 05:31
5498c318-7850-41dc-907c-c365dbdc62c2,dipped.skin,available,1.8,19.98,medium,low,6,namecheap,,,14/08/2026 08:30
01a22695-4ca5-48e7-92df-799eeff6b8a4,scribble.skin,available,1.99,17.29,high,low,8,namesilo,,,24/09/2026 11:35
6d082769-be33-4b82-92ae-99f4fd5b4cb8,unemployed.skin,available,1.99,17.29,medium,low,10,namesilo,,,28/09/2026 09:51
931e7abe-1df6-42a3-840d-72551b367695,constellation.skin,premium,2200,2200,high,low,13,dynadot,,,29/09/2026 20:52
f79727c9-5206-49e8-917f-1b2c3909ba07,tufted.skin,available,1.8,19.98,medium,low,6,namecheap,,,11/08/2026 13:14
37494132-40d8-4eed-bd89-e4d926f4afcc,achievements.skin,available,1.99,14.45,medium,low,12,dynadot,,,30/09/2026 06:58
7ac4ad9c-be90-4862-9b99-c9e3ffefacad,mythical.skin,available,1.8,21.98,high,low,8,namecheap,,,03/09/2026 12:31
4b508835-f5b7-4232-a971-aee48eb4879b,westchester.skin,available,1.8,21.98,medium,low,11,namecheap,,,27/09/2026 01:58
70b477ed-d36d-495a-b91a-584616b96472,bonham.skin,available,1.99,14.45,medium,low,6,dynadot,,,30/09/2026 12:37
050132c7-b34b-40f1-9681-ee2971ab23f7,snuffling.skin,available,1.8,21.98,high,medium,9,namecheap,,,10/09/2026 12:36
66628a7c-b70c-470d-8fe8-4590bbbc52a4,charlton.skin,available,1.24,13.97,medium,low,8,spaceship,,,27/09/2026 19:17
a2ed2771-d1d8-41de-9016-16608ecd7e04,recourse.skin,available,1.8,21.98,high,low,8,namecheap,,,02/10/2026 16:32
5a9a3807-8da8-474f-a843-09f615a28a50,bleak.skin,available,1.8,19.98,medium,low,5,namecheap,,,08/08/2026 21:02
4c30615d-1aea-4091-88ba-f359791dd450,ivor.skin,available,1.99,17.29,medium,low,4,namesilo,,,29/09/2026 22:08
c2295a7f-4ed5-49d0-9e58-27e3e0461e89,agenesis.skin,available,1.99,17.29,medium,low,8,namesilo,,,17/09/2026 17:08
707916f6-5323-40ba-ad45-b4f6732b6d46,table.skin,available,1.24,13.97,high,low,5,spaceship,,,30/09/2026 04:19
f6147fc1-9a68-4a92-b23f-736fe2ea217b,accordant.skin,available,1.65,15.75,medium,low,9,namesilo,,,
0fcef115-d8c4-40c0-b33f-70e296b5de86,arbitration.skin,available,1.8,21.98,high,low,11,namecheap,,,02/10/2026 21:27
f3a0294e-2eff-4d5c-9132-49f03304d0d8,journalistic.skin,available,1.24,13.97,medium,low,12,spaceship,,,02/10/2026 02:11
3bc26cc1-cf53-4b96-b1fe-e02edb0fec6a,element.skin,premium,2660,2660,high,low,7,namesilo,,,03/10/2026 01:40
81994cad-62ab-4ebc-af32-482e476a078c,grabby.skin,available,1.8,19.98,medium,low,6,namecheap,,,07/08/2026 21:58
e0abbbfb-23a2-47e1-b596-9af735dd984d,longford.skin,available,1.54,14.21,medium,low,8,porkbun,,,02/10/2026 09:02
884b6ff1-adb2-4fcc-a7b1-fae7c30a8db6,unformed.skin,available,1.8,21.98,medium,low,8,namecheap,,,12/09/2026 10:39
58e2809e-0ac9-4c25-966f-d1d624dd901a,slickly.skin,available,1.8,21.98,medium,low,7,namecheap,,,14/09/2026 21:36
745cf7a1-ed4f-4cb3-9dc9-67f9358ac679,multiplication.skin,available,1.65,15.75,medium,low,14,namesilo,,,
db5ea2a6-7de7-4f70-b9a7-ec47850634fd,secluded.skin,available,1.99,17.29,high,low,8,namesilo,,,27/09/2026 06:24
1ed56568-4192-4b4b-bf22-cc76340c7a75,smoked.skin,available,1.8,21.98,medium,low,6,namecheap,,,10/09/2026 11:53
8b09cd90-dd72-4dbd-8b02-39717132f666,emotion.skin,available,1.54,14.21,high,low,7,porkbun,,,29/09/2026 18:04
f1f32eb4-aed4-4b9f-889e-1d894b06e03e,bey.skin,available,1.99,17.29,medium,low,3,namesilo,,,23/09/2026 12:10
56d9a302-dcc5-4c18-8bb1-bfb78c16f379,amnios.skin,available,1.99,17.29,medium,low,6,namesilo,,,18/09/2026 22:26
334f8909-adb6-4ed4-be27-1dc004785eb4,employed.skin,available,1.8,19.98,high,low,8,namecheap,,,16/08/2026 18:24
b7986d04-c568-42d0-add9-00c0160787fa,alkene.skin,available,1.99,17.29,medium,low,6,namesilo,,,18/09/2026 08:28
64b53a5f-459f-4ac5-a88d-db956a55c9d4,spoons.skin,available,1.8,21.98,high,low,6,namecheap,,,02/10/2026 10:24
f2556ac7-dba1-4183-8d76-a5b77b42ad14,xanthous.skin,available,1.8,21.98,high,low,8,namecheap,,,13/09/2026 14:00
15ed0947-39af-474c-b40e-0d3b44f36627,during.skin,available,1.8,21.98,medium,low,6,namecheap,,,01/10/2026 01:36
20934f1a-5fe4-482e-bf79-5d2d3ae6a654,abbe.skin,available,1.99,17.29,medium,low,4,namesilo,,,16/09/2026 14:22
74872a9c-b7e6-4393-962d-b14c1acb5c02,diluvian.skin,available,1.8,19.98,medium,low,8,namecheap,,,14/08/2026 07:51
975aea6f-fe0f-4322-a896-39029379f4c1,senator.skin,available,1.8,21.98,high,low,7,namecheap,,,26/09/2026 00:17
555299e6-3d1c-4e5a-b2b4-038079c26b46,speechless.skin,available,1.99,17.29,medium,low,10,namesilo,,,19/09/2026 16:52
9580973a-799b-4c54-9cf3-43aa90da44bd,nautical.skin,available,1.8,19.98,high,low,8,namecheap,,,24/08/2026 15:58
9b10aef4-5464-4b74-bb78-f0d0e716a07e,intrastate.skin,available,1.8,19.98,medium,low,10,namecheap,,,22/08/2026 08:45
faddda08-1a59-4d75-a46b-6daeb5d796e4,fits.skin,available,1.99,17.29,medium,low,4,namesilo,,,18/09/2026 18:43
a0dbc2ee-07f4-4a99-90e9-60ae4b76cba0,temporary.skin,available,1.99,17.29,high,low,9,namesilo,,,25/09/2026 07:53
3c097f70-0634-446b-bace-29c3aa929411,bardic.skin,available,1.8,19.98,medium,low,6,namecheap,,,08/08/2026 18:00
fcd136d8-b52c-4e68-8796-3b76ede6f120,diligently.skin,available,1.8,21.98,medium,low,10,namecheap,,,14/09/2026 12:40
05d525b9-6850-4511-a870-8eec30c74fef,foods.skin,available,1.54,14.21,medium,low,5,porkbun,,,28/09/2026 22:58
77fe032d-3e51-4b6c-9e13-b25749497a15,mayonnaise.skin,available,1.99,17.29,high,low,10,namesilo,,,01/10/2026 02:59
c9c8752a-6576-4e9a-a48d-e1a79186d1e1,early.skin,available,1.99,17.29,high,low,5,namesilo,,,24/09/2026 12:57
0fd486fd-c96d-406a-b6e5-800cfd8e01a8,bassoonist.skin,available,1.99,17.29,medium,low,10,namesilo,,,22/09/2026 12:33
dbe9aa2e-4b03-46d6-a5e6-5d4630525d61,doomed.skin,available,1.8,19.98,medium,low,6,namecheap,,,14/08/2026 15:57
f39642a6-2c0b-4747-afd1-5581dac5551a,travellers.skin,available,1.8,21.98,high,low,10,namecheap,,,17/09/2026 22:15
9a285e87-950c-4f4c-82ee-e1657d6a4190,evermore.skin,available,1.8,21.98,high,low,8,namecheap,,,14/09/2026 16:19
018281c0-5763-43f6-8172-202af907e229,peeved.skin,available,1.65,15.75,medium,low,6,namesilo,,,
3973d952-c635-49e4-9598-ffc296176e86,torino.skin,available,1.99,14.45,high,low,6,dynadot,,,29/09/2026 02:19
5f5b3917-c323-419d-a0bf-00f5bab71d1f,courage.skin,available,1.99,17.29,high,low,7,namesilo,,,29/09/2026 04:01
bf1ca0af-e4f9-49df-87bc-2e8bc904328e,plants.skin,available,1.99,17.29,high,low,6,namesilo,,,03/10/2026 01:03
a363ef84-6fea-4171-8c3e-2fe6d3cc99eb,drives.skin,available,1.99,17.29,medium,low,6,namesilo,,,25/09/2026 17:24
9f16a9e1-8f75-4f3e-8d22-5feab66afabd,cognate.skin,available,1.8,19.98,high,low,7,namecheap,,,10/08/2026 15:14
4cafa31c-73bb-4821-be38-f40e2e2d16a1,dubnium.skin,available,1.99,17.29,medium,low,7,namesilo,,,20/09/2026 22:04
25d60808-ef44-40e2-a521-d74ad04e40e3,interpreted.skin,available,1.24,13.97,high,low,11,spaceship,,,30/09/2026 06:10
12f85c46-99a9-4750-ab05-73727a1bb64f,encouragement.skin,available,1.99,14.45,medium,low,13,dynadot,,,28/09/2026 22:35
2e49ec94-e3f7-4164-9ed1-6edda6d30f54,lindsey.skin,premium,845,845,high,low,7,namecheap,,,25/09/2026 19:35
48b7347b-1314-4068-ba69-b8e0a9a6ce80,modeled.skin,available,1.8,19.98,high,low,7,namecheap,,,25/08/2026 02:51
d9a397ce-dc5f-4cbd-9650-a7fd4a0951f1,degrees.skin,available,1.99,17.29,medium,low,7,namesilo,,,25/09/2026 17:04
c0129277-338a-4376-9705-16100791b1e1,undesirable.skin,available,1.24,13.97,medium,low,11,spaceship,,,01/10/2026 06:47
86c0ed74-12de-4232-b806-209f605dacca,racist.skin,available,1.8,19.98,medium,low,6,namecheap,,,
362744f9-2dd6-4fb8-9993-a2475dc779b7,talisman.skin,available,1.99,17.29,high,low,8,namesilo,,,19/09/2026 00:12
abd50fb9-d125-44e7-9834-218c0d1f1121,progression.skin,available,1.99,17.29,high,low,11,namesilo,,,02/10/2026 17:07
b8a245e2-0fc3-43df-ae34-daaef1d1c4b3,impromptu.skin,available,1.8,19.98,high,low,9,namecheap,,,
fb042ed9-d1fd-403b-be56-02dfc58829e6,cardigan.skin,available,1.8,21.98,high,low,8,namecheap,,,24/09/2026 12:52
18753d93-f747-4cb5-9ff8-26cc225a79c7,blaeberry.skin,available,1.99,17.29,medium,low,9,namesilo,,,23/09/2026 15:39
6dc3bb2b-220d-4047-aa5c-11f2d59f1c15,historic.skin,available,1.8,19.98,high,low,8,namecheap,,,21/08/2026 09:51
d3b9b670-9a3f-4b9b-9b37-310b749b7fb6,magician.skin,available,1.99,17.29,high,low,8,namesilo,,,24/09/2026 17:20
7ca08f3a-851b-468d-803e-456ca9a3ae88,yale.skin,premium,2660,2660,high,low,4,namesilo,,,25/09/2026 05:27
7fa1653b-2811-4ec4-a05d-1778952c7de7,lawful.skin,available,1.8,19.98,high,low,6,namecheap,,,22/08/2026 21:21
0aca20bc-112e-4d77-be7d-b1fe23888017,diapers.skin,available,1.99,17.29,medium,low,7,namesilo,,,02/10/2026 02:13
e1d5afb5-766d-42f1-b4a5-18eeba24131a,apogean.skin,available,1.8,19.98,medium,low,7,namecheap,,,06/08/2026 01:57
fb43588e-4a76-4228-b0b8-1d3f39b04805,grunts.skin,available,1.24,13.97,low,low,6,spaceship,,,02/10/2026 23:01
5198445c-97fb-4362-8c43-de4524d0d951,tilted.skin,available,1.8,19.98,high,low,6,namecheap,,,07/08/2026 13:29
781d2d76-1648-4e1d-9100-4adbc33c92ac,scully.skin,available,1.99,14.45,medium,low,6,dynadot,,,28/09/2026 11:43
95ab3a88-8230-4462-b9a0-4bbead0b41af,clamor.skin,available,1.8,19.98,medium,low,6,namecheap,,,10/08/2026 13:15
705fb582-7755-448e-9e69-0956fbf123e6,dragged.skin,available,1.99,17.29,medium,low,7,namesilo,,,27/09/2026 10:34
c2459875-95df-49ab-9484-ca7ae389e948,folks.skin,available,1.99,17.29,high,low,5,namesilo,,,24/09/2026 16:34
f87d2dbf-6a76-49bb-a26d-c7aab2ca992a,mayes.skin,available,1.99,17.29,medium,low,5,namesilo,,,02/10/2026 10:30
d5f40146-5cf1-4d0d-ab22-2a63462c9f16,indisposed.skin,available,1.8,19.98,medium,low,10,namecheap,,,
e714d07a-e281-4708-a53c-b6ea1e55e9bd,mostly.skin,available,1.8,21.98,high,low,6,namecheap,,,28/09/2026 13:39
3608786d-19fa-4af5-917a-d8aa6082b298,childish.skin,available,1.8,19.98,high,low,8,namecheap,,,12/08/2026 05:02
29503d9a-198e-4bb9-8be5-a2e8d8f00458,sandstone.skin,available,1.8,21.98,high,low,9,namecheap,,,01/10/2026 03:35
2910e1b9-307f-4e68-b1df-b1ea491c060d,riverton.skin,available,1.24,13.97,medium,low,8,spaceship,,,02/10/2026 20:22
9fd4d7f1-6988-4a1e-8d3f-c9e5d474f828,wakefield.skin,available,1.99,17.29,high,low,9,namesilo,,,25/09/2026 12:26
3a64d911-5cb5-409e-80f6-5d78f8de8dc0,wiped.skin,available,1.24,13.97,low,low,5,spaceship,,,28/09/2026 04:58
e9c461a8-0e8e-454a-a033-c3e086ff6a94,bonding.skin,available,1.99,14.45,high,low,7,dynadot,,,28/09/2026 09:11
8b4c43b9-ad15-4111-a601-abaf352603e9,habitue.skin,available,1.8,21.98,high,medium,7,namecheap,,,09/09/2026 13:03
f0975cef-89e2-430a-b4cd-cc4e3925bcd3,marly.skin,available,1.8,19.98,medium,low,5,namecheap,,,24/08/2026 16:08
dda12187-b6a6-4335-8b88-d11dae46abc7,lichtenstein.skin,available,1.24,13.97,medium,low,12,spaceship,,,30/09/2026 13:33
f5abe94d-9556-4d42-b044-5a0d48506a8b,anciently.skin,available,1.8,21.98,medium,low,9,namecheap,,,13/09/2026 19:42
e2d16411-49a4-49e1-9814-696cd1604c79,predictable.skin,available,1.24,13.97,high,low,11,spaceship,,,28/09/2026 15:49
27e9240c-c990-4e6a-8a35-6a823208333a,vibe.skin,premium,2660,2660,high,medium,4,namesilo,,,29/09/2026 02:29
2c649947-686f-46b8-b5eb-e27f7a613d32,doorstep.skin,available,1.99,17.29,high,low,8,namesilo,,,30/09/2026 09:23
7f544349-a290-4f41-a65f-5e63400927af,edo.skin,available,1.99,17.29,high,low,3,namesilo,,,28/09/2026 01:23
36266528-5e59-47e4-9989-509bb18bc18e,impossible.skin,available,1.99,17.29,high,medium,10,namesilo,,,25/09/2026 07:55
877374de-12eb-46b1-a62b-365836a00487,openly.skin,premium,2600,2600,high,low,6,namecheap,,,15/09/2026 17:59
86168cee-8d08-428b-beda-0154671ad080,suns.skin,available,1.99,17.29,high,low,4,namesilo,,,30/09/2026 22:24
a194580d-b8dc-468e-b793-07381e14a632,obligation.skin,available,1.99,17.29,high,low,10,namesilo,,,24/09/2026 13:40
8d8a7da5-dde8-427c-93e1-614c92d21040,sinuate.skin,available,1.8,21.98,high,low,7,namecheap,,,10/09/2026 08:36
f5b9c4d0-95ca-4416-b200-68cba0ebf445,sizzling.skin,available,1.8,21.98,high,low,8,namecheap,,,10/09/2026 09:17
6781ff0a-ac6a-4a63-b101-9c74a38252ed,meteor.skin,available,1.99,17.29,high,low,6,namesilo,,,29/09/2026 01:39
01e7e151-d03e-44c0-bf16-00ed5bc546f1,coffins.skin,available,1.24,13.97,low,low,7,spaceship,,,02/10/2026 22:56
39c23e92-0119-45ee-bb65-b199c30f406f,trickily.skin,available,1.8,21.98,low,low,8,namecheap,,,14/09/2026 09:11
1ce0d46c-e644-45a4-9efb-182a9f811421,hank.skin,available,1.24,13.97,high,low,4,spaceship,,,29/09/2026 19:07
e116804a-6a04-4e0d-b7bd-921bf27cd4a2,slippy.skin,available,1.8,21.98,medium,low,6,namecheap,,,10/09/2026 11:03
0f7ce2ce-964f-4052-98ed-714c83d3c4b2,yorke.skin,available,1.24,13.97,medium,low,5,spaceship,,,29/09/2026 16:43
dbf4e9bb-1480-4a4b-97c6-63544397396e,eugenic.skin,available,1.8,19.98,medium,low,7,namecheap,,,17/08/2026 14:11
94126890-a5f2-4c47-894e-2f1250d598f4,refuge.skin,available,1.8,21.98,high,low,6,namecheap,,,20/09/2026 18:32
0101fd14-e6d8-4f10-a91e-9cb2da820cfb,toro.skin,premium,2070.2,2070.2,high,high,4,spaceship,,,29/09/2026 21:51
c1dd62a3-458f-4e8f-a5d3-5be2dd788fd0,sure.skin,available,1.8,21.98,high,low,4,namecheap,,,24/09/2026 21:05
6fa232f9-ec97-4045-9fd5-6c4972079676,cortland.skin,available,1.54,14.21,medium,low,8,porkbun,,,30/09/2026 01:07
67fa8de7-df68-4c7b-9ee4-9ef4ee1871af,ascending.skin,available,1.8,19.98,high,low,9,namecheap,,,07/08/2026 00:51
4202b717-4eb4-4057-ad2c-0e7f24a8339d,texted.skin,available,1.99,17.29,medium,low,6,namesilo,,,20/09/2026 17:16
472325c6-6115-4ea6-8ae4-084bad0c2fc7,import.skin,available,1.8,21.98,high,low,6,namecheap,,,25/09/2026 18:33
5ea9071f-afe0-4c93-b8da-f6917da2d2cc,rossetti.skin,available,1.8,21.98,medium,low,8,namecheap,,,30/09/2026 01:13
e63a87a2-1922-47f6-b804-f095d1f1d702,arius.skin,available,1.99,17.29,medium,low,5,namesilo,,,20/09/2026 06:03
004baf6e-e496-453e-836f-f138561db8c0,knights.skin,available,1.99,17.29,high,low,7,namesilo,,,27/09/2026 18:23
e49b50d4-e51f-4e41-af69-99a1a3ce4bcc,unhappy.skin,available,1.99,17.29,high,low,7,namesilo,,,24/09/2026 12:43
a3f56f7e-9f4b-4701-995e-9684641204e4,obtained.skin,available,1.99,14.45,medium,low,8,dynadot,,,03/10/2026 01:13
49dd756f-6f11-4d52-9194-feaa45479b05,herakles.skin,available,1.99,17.29,high,low,8,namesilo,,,18/09/2026 04:05
47ef8610-8050-475f-b35c-febecf02ed36,allemande.skin,available,1.99,17.29,medium,low,9,namesilo,,,18/09/2026 10:46
73d87732-a2d7-4fe9-bbb5-47f008a974ca,islets.skin,available,1.24,13.97,medium,low,6,spaceship,,,29/09/2026 00:10
3fd651e9-4faf-4607-8f4d-fa4034eb9adc,pharm.skin,available,1.24,13.97,high,low,5,spaceship,,,30/09/2026 19:36
e715134c-098c-409f-8845-f8703323474c,bleriot.skin,available,1.99,17.29,medium,low,7,namesilo,,,24/09/2026 06:04
1f9b1481-79fe-42ab-a269-3573f5b8434e,spiraling.skin,available,1.8,19.98,medium,low,9,namecheap,,,12/08/2026 16:12
8d562ff9-de27-4680-a263-d7b45926822f,whiplash.skin,available,1.24,13.97,high,low,8,spaceship,,,02/10/2026 17:09
394bf382-6835-41b9-9ba3-5bd8372f25b8,unrepaired.skin,available,1.8,21.98,medium,low,10,namecheap,,,12/09/2026 18:17
04506993-322b-4703-a658-b7c07f1aad79,slammed.skin,available,1.24,13.97,medium,low,7,spaceship,,,30/09/2026 03:50
dc5126ce-5993-4dd5-a54a-1e31ac97e6a2,liberties.skin,available,1.99,17.29,medium,low,9,namesilo,,,18/09/2026 04:52
b51e226b-8e4b-41aa-ab84-f929a8f5e94b,banning.skin,available,1.8,19.98,medium,low,7,namecheap,,,18/08/2026 11:11
2e776fa1-4716-45b4-8d7a-451dde90a31e,coercive.skin,available,1.8,19.98,medium,low,8,namecheap,,,12/08/2026 15:24
ae83df0a-7eb2-4fe6-afad-d6c803d02023,parker.skin,premium,2600,2600,high,low,6,namecheap,,,23/09/2026 20:21
3a091cf8-2ff5-45bd-b8af-9c0b309c21fe,nra.skin,available,1.99,17.29,medium,low,3,namesilo,,,29/09/2026 01:42
c9ffe3d0-4b75-4cc7-b6df-982c515788b4,cxxv.skin,available,,,medium,low,4,,,,
eeb2d65a-886f-4cfe-9252-d21b062955d2,ugandan.skin,available,1.8,21.98,medium,low,7,namecheap,,,11/09/2026 22:40
851161bd-a024-4876-8b85-2b5b10e8f2db,adoptive.skin,available,1.65,15.75,high,low,8,namesilo,,,
ed4053ad-c35a-4a1d-a85b-56d0330f4218,particulars.skin,available,1.99,17.29,medium,low,11,namesilo,,,02/10/2026 12:13
a4d13fd9-a7b3-4c48-ba56-45d1ffc22061,crews.skin,available,1.54,14.21,medium,low,5,porkbun,,,28/09/2026 16:47
e5134844-0c02-4aeb-8f6f-cae8051f837f,brothel.skin,available,1.8,21.98,medium,low,7,namecheap,,,21/09/2026 18:15
7115c901-2c5e-48d5-93e9-0dcb9fef2064,intervention.skin,available,1.99,17.29,medium,low,12,namesilo,,,29/09/2026 04:42
0542b864-a1e1-4b49-9ff1-3c8183c56637,makes.skin,available,1.99,17.29,high,low,5,namesilo,,,16/09/2026 09:30
d4f5b627-5170-41e2-87f3-bb8c69218890,michel.skin,available,1.99,17.29,high,low,6,namesilo,,,25/09/2026 12:46
8d3ce967-98fd-4d7b-b7e1-bf16c8a20c7d,xing.skin,premium,832,832,high,low,4,namesilo,,,01/10/2026 06:20
b951cdd9-f6ab-4c75-8912-be595832fe45,gregorian.skin,available,1.8,19.98,high,low,9,namecheap,,,20/08/2026 19:58
40c029d6-4619-4510-8b5d-25d8901afbd6,termination.skin,available,1.8,21.98,high,low,11,namecheap,,,04/09/2026 07:49
04bc363f-e48b-498f-911a-ea813530a2ac,acrobatic.skin,available,1.8,19.98,high,low,9,namecheap,,,
581885f5-01a2-4365-9790-f7c2dc29733b,inclined.skin,available,1.24,13.97,medium,low,8,spaceship,,,28/09/2026 21:12
3f825726-b0fb-4ddd-af31-61510828215c,thither.skin,available,1.8,21.98,medium,low,7,namecheap,,,16/09/2026 08:57
68130ade-4292-40a5-9798-a1b718297e1b,judith.skin,premium,832,832,high,low,6,namesilo,,,28/09/2026 05:18
ffaa25f2-eb05-48ef-9e7b-061354c0ff3f,cathay.skin,available,1.24,13.97,medium,low,6,spaceship,,,02/10/2026 14:36
1dd619ea-04a7-4181-8b7e-e6d0f2e9fae0,underside.skin,available,1.8,19.98,high,low,9,namecheap,,,10/08/2026 21:15
3bda96cb-08af-4df4-b527-a3204a9995fe,jainism.skin,available,1.99,17.29,medium,low,7,namesilo,,,02/10/2026 05:27
1f87d8f3-81de-42c4-a026-363ee3bfa416,paintpot.skin,available,1.99,,medium,low,9,name.com,,,
bf831bd8-976e-49f3-91bd-2b75b26431c3,importance.skin,available,1.24,13.97,high,low,10,spaceship,,,29/09/2026 21:24
36bfab2c-ab3a-4e19-821a-c116faa11eb9,subtract.skin,available,1.99,17.29,high,low,8,namesilo,,,03/10/2026 02:29
2a9b0782-04e6-4491-a51c-9c3d70808192,emulate.skin,available,1.99,17.29,high,low,7,namesilo,,,01/10/2026 04:12
63b5c521-6b70-4606-9662-b963049e061f,maladroit.skin,available,1.8,19.98,medium,low,9,namecheap,,,24/08/2026 13:35
d17f0de3-f4bd-4b47-9271-86c5b878af3d,pyramids.skin,available,1.54,14.21,high,low,8,porkbun,,,30/09/2026 06:41
52c192f0-b3ad-4627-8750-a7ff25092324,astacus.skin,available,1.99,17.29,medium,low,7,namesilo,,,20/09/2026 16:51
ecc559c8-e79a-4a42-a0f7-b0d183fd9143,frictional.skin,available,1.8,19.98,medium,low,10,namecheap,,,18/08/2026 15:28
002ace1a-120d-429b-8fb2-c788ea860264,airway.skin,available,1.99,17.29,high,low,6,namesilo,,,17/09/2026 22:13
4d308d6a-63c7-43a1-bfe3-a2be527fb2fb,voyages.skin,available,1.99,17.29,medium,low,7,namesilo,,,02/10/2026 22:34
c0e965e5-abc4-4e33-ab8f-a307ecc49ad3,mouthful.skin,available,1.99,17.29,high,low,8,namesilo,,,03/10/2026 01:38
eee194a6-0c00-41b7-a999-af14b721f48c,unneeded.skin,available,1.8,21.98,medium,low,8,namecheap,,,12/09/2026 15:52
0c776bec-e3ac-4be2-85e5-f9bf2591e3d8,meeter.skin,available,1.99,17.29,medium,low,6,namesilo,,,21/09/2026 01:27
1610a598-9251-490c-b3a4-d67219aa3938,lint.skin,available,1.24,13.97,medium,low,4,spaceship,,,02/10/2026 15:59
4e8f9793-7956-49d7-a4a8-75a69345c4e4,missed.skin,available,1.8,19.98,medium,low,6,namecheap,,,25/08/2026 01:45
fa3b2547-dcd8-45fb-8d06-b53e53487e7d,baklava.skin,available,1.8,21.98,high,low,7,namecheap,,,21/09/2026 20:21
320e425c-bf84-4d2e-bbac-bcefb2254cc7,keenly.skin,available,1.8,21.98,high,low,6,namecheap,,,15/09/2026 10:20
e08ffd94-2d64-413e-aef6-1fdab1aba9e9,sneezewort.skin,available,1.99,17.29,medium,low,10,namesilo,,,17/09/2026 00:38
6945cca4-df7d-4eff-a7ab-f4d7309607bb,counties.skin,available,1.24,13.97,medium,low,8,spaceship,,,30/09/2026 22:53
da54ea07-4418-4cf9-bdfa-6bc1e9f42619,complimentary.skin,available,1.99,17.29,medium,low,13,namesilo,,,30/09/2026 04:02
4208a97b-d763-4f41-a08d-5efa528071b0,beefy.skin,available,1.8,19.98,medium,low,5,namecheap,,,09/08/2026 07:49
2e5776af-ad5e-45c4-981f-d8aac63798dc,circumcision.skin,available,1.99,17.29,medium,low,12,namesilo,,,30/09/2026 14:37
865c0dc1-1c1c-4e81-a181-e5c1a62cb0ad,euston.skin,available,1.24,13.97,medium,low,6,spaceship,,,03/10/2026 05:33
57fcaacc-c79c-4549-b50f-3f1ed0699fbc,believing.skin,available,1.99,17.29,high,low,9,namesilo,,,23/09/2026 05:15
96e9384b-c9e7-43d8-8f89-76acb353fab0,lax.skin,available,1.8,19.98,high,low,3,namecheap,,,22/08/2026 21:22
fd5f4290-9399-47cc-998f-a8450d8b09cc,offish.skin,available,1.8,21.98,low,low,6,namecheap,,,04/09/2026 01:35
fce26547-6a82-4d79-ab39-723df69cd92d,leakproof.skin,available,1.8,19.98,medium,low,9,namecheap,,,22/08/2026 21:59
82b5d462-daf3-45da-ab5f-566f3c1b9a5c,edgar.skin,available,1.99,17.29,high,low,5,namesilo,,,25/09/2026 22:32
9aced3f0-bac3-4f9d-bcf6-1907171a110f,replied.skin,available,1.99,17.29,medium,low,7,namesilo,,,18/09/2026 01:09
7c4968f3-1ae1-4c90-99cf-043ac9c7a0a0,wapiti.skin,available,1.99,17.29,medium,low,6,namesilo,,,18/09/2026 19:45
e7b04955-8bde-48b9-b9f2-9bfb8bea4a6e,plumb.skin,available,1.8,19.98,high,low,5,namecheap,,,12/08/2026 10:05
1ecd6835-93fc-4b86-8845-6fcb240fb802,rubbish.skin,available,1.24,13.97,medium,low,7,spaceship,,,28/09/2026 09:24
bf676936-1e78-4623-9624-5f115705e9c7,buttony.skin,available,1.8,19.98,medium,low,7,namecheap,,,09/08/2026 03:34
5caefc84-445d-44c3-bc19-45406c0375b0,narration.skin,available,1.8,21.98,high,low,9,namecheap,,,03/09/2026 13:18
6eebbf25-cdad-49a5-b602-70fc8ba9998f,irenic.skin,available,1.8,19.98,medium,low,6,namecheap,,,22/08/2026 09:48
4d40e739-eaa9-4667-91b7-1ad9a1c8d539,mentorship.skin,available,1.24,13.97,high,low,10,spaceship,,,02/10/2026 02:09
e4fe71ac-349a-4eb5-81c9-7214eca6c416,season.skin,available,1.24,13.97,high,low,6,spaceship,,,29/09/2026 19:31
5b932b1a-2123-4248-918d-e170a50c417b,nullity.skin,available,1.8,21.98,medium,low,7,namecheap,,,13/09/2026 06:33
a2627af5-cd53-4fd0-8aa3-20e866c17974,vestibule.skin,available,1.99,17.29,high,low,9,namesilo,,,19/09/2026 12:47
5dd5a788-b6fc-4f86-98f3-f8936896dc70,additive.skin,available,1.65,15.75,high,low,8,namesilo,,,
5cfdd2e5-3a1d-46a5-90a5-346f3c8867a6,wiping.skin,available,1.24,13.97,high,low,6,spaceship,,,01/10/2026 06:02
8424389b-5688-4ae9-b2c1-84874be6874a,unreserved.skin,available,1.8,21.98,medium,low,10,namecheap,,,12/09/2026 18:21
65f4c7ee-1df5-46fd-a06f-88510c2d7716,performative.skin,available,1.24,13.97,high,low,12,spaceship,,,02/10/2026 18:22
36fc1845-6c04-47eb-b2b1-2e701ece58c6,mediocre.skin,available,1.8,21.98,high,low,8,namecheap,,,25/09/2026 18:51
e442a0a3-f3cc-476b-bcbf-2963abc906d4,sportive.skin,available,1.8,19.98,medium,low,8,namecheap,,,12/08/2026 18:10
924b3e08-c0de-46e2-a66d-81f3e531b676,tolstoy.skin,available,1.99,17.29,high,low,7,namesilo,,,01/10/2026 01:34
1292b59a-9502-4630-aa37-a210e0965560,pediatric.skin,available,1.8,21.98,high,low,9,namecheap,,,04/09/2026 22:48
e2397907-2282-4016-b2c7-a698951d72a1,prying.skin,available,1.8,21.98,medium,low,6,namecheap,,,03/09/2026 21:52
16cce1e4-8cf0-4a0c-aad9-9fe9f98eb60e,couple.skin,available,1.99,17.29,high,low,6,namesilo,,,29/09/2026 11:48
4e35d031-8e3f-4abe-8809-a6167e13566d,foes.skin,available,1.99,17.29,low,low,4,namesilo,,,18/09/2026 06:38
80018cfe-c5a3-4bf8-b8ca-b7c155df5303,forefront.skin,available,1.8,21.98,high,low,9,namecheap,,,02/10/2026 04:32
cc9274a5-b06a-4806-8960-ba0f41688e42,obstructed.skin,available,1.8,21.98,medium,low,10,namecheap,,,04/09/2026 00:05
fc1c5969-ddde-4ab3-8ad0-4dfe6af905a1,monetary.skin,available,1.8,21.98,high,low,8,namecheap,,,25/09/2026 21:29
2585a0ec-6984-45ac-b319-a967fd30ddb4,eunice.skin,available,1.24,13.97,medium,low,6,spaceship,,,29/09/2026 03:57
f50c2bf6-5eb5-4ca9-880d-3ff00d3c495f,hypaethral.skin,available,1.8,19.98,medium,low,10,namecheap,,,21/08/2026 16:39
f53a022d-800c-45bf-a569-6365e3c3a8b2,arrive.skin,premium,2660,2660,high,low,6,namesilo,,,30/09/2026 15:20
190dbbd8-aacc-41a6-ab59-e494ec302a67,predicted.skin,available,1.99,17.29,medium,low,9,namesilo,,,28/09/2026 23:02
081691c9-47d3-4b0e-9ae8-6028b0bd7486,direct.skin,premium,832,832,high,medium,6,namesilo,,,24/09/2026 10:39
230078dd-1a92-4e82-bb96-a07d162dd52b,sourish.skin,available,1.8,19.98,medium,low,7,namecheap,,,22/08/2026 23:29
5a4b6b0d-a8f4-4741-bc05-3ea4ba404d9b,ascent.skin,available,1.99,17.29,high,low,6,namesilo,,,22/09/2026 09:19
760205a0-c9f4-42f2-a83b-c75bc8e02f2d,unrestricted.skin,available,1.24,13.97,high,low,12,spaceship,,,02/10/2026 18:09
e816cb97-a04d-4add-9d2d-ddcba64fd4a6,baffin.skin,available,1.24,13.97,medium,low,6,spaceship,,,02/10/2026 09:30
4f6a314c-d90d-45ef-a436-adf10446f35c,common.skin,available,1.8,21.98,high,low,6,namecheap,,,23/09/2026 15:53
6c4e7bdf-5f47-485c-ae35-49ce8e9e0ace,fiesta.skin,available,1.99,17.29,high,low,6,namesilo,,,01/10/2026 02:03
53e9c582-6112-413a-b3a9-e48e54d68a1e,nab.skin,premium,2660,2660,high,medium,3,namesilo,,,20/09/2026 09:04
23464f7d-23b8-4f81-9aa9-4bb556f0a236,daedalus.skin,available,1.99,20.99,high,low,8,name.com,,,13/08/2026 15:32
c899f370-e4b8-4f4e-b9a3-b3c9f5965b3c,steel.skin,resell,,,high,low,5,"NameCheap, Inc.",29/01/2026 22:56,29/01/2027 23:59,30/09/2026 05:36
7dce3932-dc83-4566-bd57-01eb9d968c15,aims.skin,available,1.54,14.21,medium,low,4,porkbun,,,30/09/2026 06:57
424c080a-1737-41f3-bb4b-b40dacb404f6,planetarium.skin,available,1.24,13.97,high,low,11,spaceship,,,02/10/2026 19:48
1fe712b7-8be5-4083-80c5-8066c9d0d166,quintuple.skin,available,1.8,19.98,medium,low,9,namecheap,,,18/08/2026 05:54
acb19949-fe00-4f11-adbc-3f36e4919bc8,categoric.skin,available,1.8,19.98,medium,low,9,namecheap,,,11/08/2026 21:29
c3822314-e066-4334-a5e7-b10c68709c7b,expedite.skin,available,1.54,14.21,high,low,8,porkbun,,,30/09/2026 19:31
acdca8ce-2e97-4739-a997-2710cfdc1530,sacco.skin,available,1.8,21.98,high,low,5,namecheap,,,02/10/2026 16:12
d86b9878-356b-489f-aa7d-04441583d4eb,proust.skin,available,1.24,13.97,medium,low,6,spaceship,,,30/09/2026 17:59
08279f13-f15d-4574-a94c-2aa4036c1e4a,jenks.skin,available,1.99,17.29,medium,low,5,namesilo,,,30/09/2026 13:40
4255c1b9-bcce-43f3-a30c-05d6bd1d7492,filing.skin,available,1.24,13.97,medium,low,6,spaceship,,,28/09/2026 14:11
fa2bd686-44d4-460a-92b8-308f119c2802,azote.skin,available,1.99,17.29,medium,low,5,namesilo,,,21/09/2026 11:27
766f6773-2ee4-4ceb-bde7-d55cde7d48ae,ribbing.skin,available,1.8,21.98,medium,low,7,namecheap,,,11/09/2026 10:01
29a92d01-e980-4aa1-a406-2a8b186812c7,notifies.skin,available,1.99,17.29,medium,low,8,namesilo,,,18/09/2026 08:35
23dc66b9-e009-4b96-a7a3-bf4f236c01af,bullets.skin,available,1.8,21.98,high,low,7,namecheap,,,25/09/2026 19:55
ee246659-0d36-40d2-902e-2577f6bfda8d,welded.skin,available,1.99,17.29,medium,low,6,namesilo,,,02/10/2026 13:09
a716081a-3b96-46d4-a18e-9ed5481fcdd8,nina.skin,available,1.99,17.29,high,low,4,namesilo,,,25/09/2026 09:36
802a513c-35e0-42de-be07-dbc6bbd59918,psychotic.skin,available,1.8,21.98,high,low,9,namecheap,,,09/09/2026 05:09
9e843b02-f285-4db0-babc-06ce30729f81,commissioned.skin,available,1.24,13.97,medium,low,12,spaceship,,,29/09/2026 23:15
9173f1b2-6061-423b-85f3-a51260bd1862,prison.skin,available,1.24,13.97,high,low,6,spaceship,,,30/09/2026 07:26
14ac960b-5411-4add-887b-434d59dc5ef8,journeys.skin,available,1.24,13.97,medium,low,8,spaceship,,,01/10/2026 17:43
e3e39ec7-8c4e-4120-85ca-97e22780c1ce,naval.skin,available,1.8,21.98,high,low,5,namecheap,,,03/09/2026 14:07
32bd94e7-ad58-4419-a2af-9e15b6827735,norther.skin,available,1.8,21.98,medium,low,7,namecheap,,,03/09/2026 21:34
dd792d4b-7ee1-451e-8f02-f3384ea3099b,daisy.skin,available,1.99,17.29,high,low,5,namesilo,,,25/09/2026 04:34
afd7d959-ec35-4040-b6b9-acf1452b01d1,uneasy.skin,available,1.8,19.98,medium,low,6,namecheap,,,21/08/2026 19:45
2d521138-33fe-4d28-b19d-50707e115a4e,renaissance.skin,available,1.24,13.97,high,low,11,spaceship,,,29/09/2026 02:57
9649402d-3d5a-453a-aae7-7726b3cd974c,borden.skin,available,1.99,17.29,high,low,6,namesilo,,,28/09/2026 07:29
17addfdf-29b3-43ee-96de-3ba5fe858fa5,downing.skin,available,1.99,17.29,medium,low,7,namesilo,,,19/09/2026 04:46
f4f3103f-c521-4281-9b7c-01953244196c,redemptory.skin,available,1.8,21.98,high,medium,10,namecheap,,,09/09/2026 12:20
221c21c8-4be3-4bd6-ad20-19b1eaef5435,wilderness.skin,available,1.99,17.29,high,low,10,namesilo,,,28/09/2026 15:33
4d3a3b98-a23e-4e02-ad6f-e8d7286447c6,tank.skin,available,1.99,17.29,high,low,4,namesilo,,,20/09/2026 07:27
ef2cbfe6-35d4-4a2d-8a63-34c32a04fac8,brahms.skin,available,1.24,13.97,high,low,6,spaceship,,,02/10/2026 14:26
ddc92250-8675-40f8-8a3f-f6124c268f71,seeds.skin,available,1.99,,high,low,5,name.com,,,
d9c63442-c6e5-449e-a656-42a623cc1a59,issuer.skin,available,1.99,17.29,high,low,6,namesilo,,,30/09/2026 10:16
b71ead50-feb5-4a10-98a5-45260654bb08,bellow.skin,available,1.8,21.98,medium,low,6,namecheap,,,23/09/2026 06:17
2f40865d-34a0-451f-b7fa-51861bb6001c,antagonist.skin,available,1.99,17.29,high,low,10,namesilo,,,17/09/2026 10:48
22439c3b-cd0a-4e2f-a94a-0d65edd48477,uveous.skin,available,1.8,21.98,low,low,6,namecheap,,,13/09/2026 00:24
8726d83d-59bc-408c-9663-4c160fa55a60,cinnamon.skin,available,1.99,17.29,high,low,8,namesilo,,,29/09/2026 07:51
38a3d8ad-18c8-48c7-a68f-b61d13ce0c16,fathered.skin,available,1.24,13.97,medium,low,8,spaceship,,,02/10/2026 21:59
cfee2e84-446c-4cad-bd16-17f5d4e9b189,discreetly.skin,available,1.8,21.98,medium,low,10,namecheap,,,14/09/2026 13:04
2b521e63-bc98-4816-9437-befe08d79b8d,maghreb.skin,available,1.24,13.97,medium,low,7,spaceship,,,01/10/2026 20:27
561199b1-a4d8-47de-aea8-d8043acb00a0,liege.skin,available,1.8,19.98,medium,low,5,namecheap,,,18/08/2026 03:03
edb6b064-1051-410f-a235-cea82dd302d1,vladimir.skin,available,1.99,17.29,high,low,8,namesilo,,,25/09/2026 14:40
4e7a3634-821d-4dfd-bc80-763eace91af0,ceremonies.skin,available,1.24,13.97,medium,low,10,spaceship,,,29/09/2026 10:36
08a9e11b-57b3-4046-9bb9-1607144b4888,scalable.skin,available,1.8,21.98,high,low,8,namecheap,,,09/09/2026 22:15
e55e84ab-c209-44d6-b7c6-0b7f5e9615ec,reckoning.skin,available,1.8,21.98,high,low,9,namecheap,,,30/09/2026 16:48
7473d579-10c8-4f41-8822-f180bb40eec8,ene.skin,available,1.99,17.29,high,low,3,namesilo,,,03/10/2026 00:32
6e6b5e27-bde1-4fdd-8b34-420be1f06075,deposited.skin,available,1.99,17.29,medium,low,9,namesilo,,,29/09/2026 23:53
f1ebd12f-8c1f-4219-84ae-fb58e6e17233,nos.skin,available,1.24,13.97,high,low,3,spaceship,,,02/10/2026 01:37
e14e817e-7e30-4062-9170-b789dcfd38ff,amuck.skin,available,1.65,15.75,medium,low,5,namesilo,,,
918d4f70-bd0a-40da-94d3-1539cba52f77,amtrak.skin,available,1.99,14.45,medium,low,6,dynadot,,,01/10/2026 06:54
fc3c30ac-7d5b-413e-b6ba-3571d150b112,bard.skin,available,1.99,17.29,high,medium,4,namesilo,,,22/09/2026 05:09
b4e0a9eb-8b3b-4046-a9ac-9f12ad3c9397,slavish.skin,available,1.8,21.98,medium,low,7,namecheap,,,10/09/2026 10:38
762d9fca-cb70-4565-8935-961701e7e803,hathaway.skin,available,1.99,17.29,high,low,8,namesilo,,,19/09/2026 10:18
7dc3b7d3-d0d3-4b4d-8e29-579da9af0311,bowed.skin,available,1.8,19.98,medium,low,5,namecheap,,,06/08/2026 14:55
54d3564a-9b54-4b06-a156-f7c10af5335e,ministry.skin,available,1.54,14.21,high,low,8,porkbun,,,28/09/2026 19:53
58a3c7be-50e1-416b-87e4-7da76c49e400,developed.skin,available,1.99,20.99,high,low,9,name.com,,,24/09/2026 07:51
be556ff9-0cd2-4853-ab3a-76fd02d5df2c,unlabelled.skin,available,1.8,21.98,medium,low,10,namecheap,,,12/09/2026 14:33
06f032ca-5841-42af-9111-686972400f5c,teachers.skin,available,1.8,21.98,high,low,8,namecheap,,,18/09/2026 18:31
a9d409e7-ce7d-4498-8248-5ef3c4aef218,tahitian.skin,available,1.8,21.98,high,low,8,namecheap,,,11/09/2026 07:06
877bf93f-270b-494b-a9e6-f8bc185b4c05,departmental.skin,available,1.99,17.29,medium,low,12,namesilo,,,30/09/2026 14:39
588e4368-f4a8-4831-b0d4-b8e484f0043c,freed.skin,available,1.99,17.29,medium,low,5,namesilo,,,29/09/2026 05:07
bec2d74f-a20d-456a-bf19-aaf2c309a552,hohenzollern.skin,available,1.99,17.29,high,low,12,namesilo,,,01/10/2026 23:30
a1ff656a-51f0-4396-aef3-539f91b86d51,evaporate.skin,available,1.24,13.97,high,low,9,spaceship,,,30/09/2026 19:17
4c282b59-5fd0-49b4-a13b-bbca592ef5bf,struggling.skin,available,1.8,21.98,medium,low,10,namecheap,,,10/09/2026 22:52
b08ea564-ca9a-4234-9e98-883b11718afd,momentarily.skin,available,1.24,13.97,medium,low,11,spaceship,,,29/09/2026 23:02
e7db757f-ae3c-4279-a63a-0ebe3be7f160,behaviours.skin,available,1.99,17.29,medium,low,10,namesilo,,,20/09/2026 22:06
c1c62381-c08f-422b-b8fa-110a675ce1d5,graphs.skin,available,1.99,17.29,medium,low,6,namesilo,,,02/10/2026 23:01
d1ca9373-4f0a-47e4-a05f-f9e0cb39cfae,cables.skin,available,1.8,21.98,medium,low,6,namecheap,,,17/09/2026 12:09
e612aec1-240c-480b-9303-9d69023477c0,unusable.skin,available,1.8,21.98,medium,low,8,namecheap,,,12/09/2026 21:58
b4fb8460-511c-429d-bb29-70fff949d251,latch.skin,available,1.99,17.29,high,low,5,namesilo,,,30/09/2026 09:22
92bd9bc1-ed56-42a2-a2fb-6d6cf04962eb,rumbling.skin,available,1.8,19.98,medium,low,8,namecheap,,,20/08/2026 20:34
0ee42c39-49b4-4604-9a28-b07661ff123e,garments.skin,available,1.99,17.29,medium,low,8,namesilo,,,30/09/2026 23:02
b524a885-6b4d-4220-8433-29fe657050c5,instyle.skin,premium,2660,2660,high,low,8,namesilo,,,17/09/2026 05:05
45977c9e-94c5-46e6-a368-507bd39780dc,benadryl.skin,available,1.99,17.29,high,medium,8,namesilo,,,23/09/2026 07:35
b57f33f2-d9e3-45cd-a77a-1bf958fb8241,weakening.skin,available,1.99,20.99,medium,low,9,name.com,,,13/08/2026 20:44
ae74a4b4-a0b9-4e91-8745-7a83bac603f2,smarting.skin,available,1.8,21.98,medium,low,8,namecheap,,,10/09/2026 11:48
6f8d3303-31d1-4394-9559-c223b1b89ba4,aldose.skin,available,1.99,17.29,medium,low,6,namesilo,,,18/09/2026 04:38
384ed4b6-5f70-4b87-ad88-7c9497a2aa31,modal.skin,available,1.8,21.98,high,low,5,namecheap,,,25/09/2026 21:10
cfe3ee7d-df8b-4ce8-8b4f-676c8a5d3e8a,sweetish.skin,available,1.8,21.98,high,low,8,namecheap,,,11/09/2026 05:36
f2fada84-122f-4087-9f97-cf005b6c8e52,brumous.skin,available,1.8,19.98,medium,low,7,namecheap,,,11/08/2026 06:49
7b4a30ad-8653-4386-b691-8bbf68df066a,herat.skin,available,1.24,13.97,medium,low,5,spaceship,,,01/10/2026 19:57
f90dd184-d278-4447-97b0-21d29c4b70ac,scuffle.skin,available,1.8,21.98,high,medium,7,namecheap,,,09/09/2026 18:54
b8b7b307-8f3e-43b4-963f-b023beabba64,rob.skin,available,1.99,17.29,high,low,3,namesilo,,,25/09/2026 22:49
3127dc6e-0c3a-4a01-9179-6a33e4dbe324,handwoven.skin,available,1.8,19.98,medium,low,9,namecheap,,,20/08/2026 23:19
d25266b4-524f-4ca4-96bb-c789a2d930f0,causally.skin,available,1.8,21.98,medium,low,8,namecheap,,,14/09/2026 06:01
a5d06c57-53aa-4e21-837c-825522f0b257,intrinsic.skin,premium,2660,2660,high,low,9,namesilo,,,25/09/2026 10:55
9228a55d-1bab-4de7-97ea-97c6a9c40d63,nda.skin,available,1.24,13.97,high,low,3,spaceship,,,01/10/2026 23:16
e0f204ad-8b8b-4e2a-859d-a7d488d30d2e,kidney.skin,available,1.99,17.29,high,low,6,namesilo,,,30/09/2026 01:20
430d8cdc-ee1d-4abc-9d8d-6d24c3ff7fbe,allegiant.skin,available,1.65,15.75,high,low,9,namesilo,,,
514072d9-4c73-44b0-9840-996a26cefcd2,elvish.skin,available,1.8,19.98,medium,low,6,namecheap,,,16/08/2026 03:43
e7fc44bc-6e05-4a5e-ae02-963d79592b75,basset.skin,available,1.99,17.29,medium,low,6,namesilo,,,22/09/2026 12:10
7ca15e08-2163-4af5-b7a5-aed84591894d,sparing.skin,available,1.8,19.98,high,low,7,namecheap,,,18/08/2026 16:58
9208dfea-b16e-4ab6-9cca-1f906c95273b,drifted.skin,available,1.99,17.29,medium,low,7,namesilo,,,30/09/2026 07:02
92fc74c5-65d2-4ad5-86d7-309bdc8d128b,flawless.skin,premium,2500,2500,high,low,8,name.com,,,18/08/2026 07:19
c89c2aee-536f-44d0-834f-a98ec6d0116d,lilian.skin,available,1.99,17.29,high,low,6,namesilo,,,29/09/2026 22:03
a8522515-146e-4c5b-ac36-48b3dc367a8d,stalled.skin,available,1.99,17.29,medium,low,7,namesilo,,,20/09/2026 17:27
c6318387-2d3d-46ce-9786-e00b0bb22d31,lambeth.skin,available,1.24,13.97,medium,low,7,spaceship,,,29/09/2026 04:58
8952698b-0e27-45f1-96ed-dc2b57dc94cd,cocoa.skin,available,1.24,13.97,high,low,5,spaceship,,,29/09/2026 08:48
3d45e445-c965-4e75-ab5c-a3768139cf4d,pigeon.skin,available,1.24,13.97,high,low,6,spaceship,,,28/09/2026 02:55
cd3e7b63-d6b9-4d94-bfd3-ac3d3998173e,subsonic.skin,available,1.8,21.98,medium,low,8,namecheap,,,11/09/2026 00:50
4f1ceb0a-1973-4e1e-975e-13434e1a44e3,rambo.skin,available,1.99,14.45,high,low,5,dynadot,,,01/10/2026 23:13
4cde0be5-a21f-4896-ad2e-a8cc7b119c45,could.skin,available,1.24,13.97,high,low,5,spaceship,,,30/09/2026 23:37
4aab3395-4726-4c5c-b73f-bac33b4b6185,likable.skin,available,1.8,19.98,high,low,7,namecheap,,,23/08/2026 06:14
33ea2c5e-4a5f-4c07-a393-defec442f796,mop.skin,available,1.24,13.97,high,low,3,spaceship,,,30/09/2026 05:15
f3c4fd8f-d1c5-4e24-baea-dd65a86e0682,resultant.skin,available,1.65,15.75,high,low,9,namesilo,,,
6a172c9e-e9d8-46bb-8714-9170185ab626,romans.skin,available,1.24,13.97,medium,low,6,spaceship,,,28/09/2026 19:05
94351a39-934b-466c-9ebc-70db8b0018d6,piano.skin,available,1.99,17.29,high,low,5,namesilo,,,27/09/2026 03:41
782978ed-fe8b-4f9d-aa2b-7416e6f5fe47,grueling.skin,available,1.8,19.98,medium,low,8,namecheap,,,06/08/2026 16:45
7f17d9e5-e91b-439c-99be-50f037693b6c,barbershop.skin,available,1.8,21.98,high,low,10,namecheap,,,22/09/2026 04:52
f89d116c-413d-4e63-802d-49014396eb23,ter.skin,available,1.99,17.29,high,low,3,namesilo,,,02/10/2026 17:20
928e03ca-56e9-4b95-ba8b-50d0dfbbdd35,contrite.skin,available,1.8,19.98,high,low,8,namecheap,,,12/08/2026 23:34
ecfe0deb-38f1-4189-9475-73eaddf56a0e,darnel.skin,available,1.8,21.98,medium,low,6,namecheap,,,22/09/2026 21:10
bad452c5-1fe2-446a-bebe-90401ee277ed,two.skin,premium,672.95,672.95,high,low,3,spaceship,,,01/10/2026 20:17
ec0d33c6-df4a-4a66-95db-50c5127c0e35,doodlebug.skin,available,1.99,17.29,medium,low,9,namesilo,,,19/09/2026 12:18
8399e73b-b418-4a1c-8d24-5fab44baac7f,chaps.skin,available,1.8,21.98,high,high,5,namecheap,,,02/10/2026 19:54
ba1ea0f2-6e3e-442d-bdca-67ccb058e8e7,aseptic.skin,available,1.99,17.29,high,low,7,namesilo,,,22/09/2026 09:33
e43e43fa-c971-4681-aadf-a609ed5a2cbb,punishment.skin,available,1.99,17.29,high,low,10,namesilo,,,25/09/2026 09:51
157dfd7f-715b-4e5e-a0db-e1f6a54e960d,muscles.skin,available,1.8,21.98,medium,low,7,namecheap,,,27/09/2026 21:29
605847b0-f578-4161-b742-c9dafcd1e497,andorran.skin,available,1.65,15.75,medium,low,8,namesilo,,,
7ebbbdca-022a-4df7-89ed-df17ec9a13f8,hearsay.skin,available,1.8,19.98,medium,low,7,namecheap,,,21/08/2026 02:04
6993d517-9440-42ed-926f-528cf1d607b5,concerted.skin,available,1.8,19.98,high,low,9,namecheap,,,12/08/2026 20:06
75ab49b2-6734-461f-ae6b-426a3fe4bffb,regency.skin,available,1.99,17.29,high,low,7,namesilo,,,02/10/2026 16:33
155a05c6-2ec0-412e-a340-7639b4143847,pushkin.skin,available,1.99,17.29,high,low,7,namesilo,,,18/09/2026 05:07
badb86d5-a91c-4591-9720-1416e72a4b3b,commented.skin,available,1.99,17.29,medium,low,9,namesilo,,,18/09/2026 23:19
97cbb2c7-0bec-4a15-a547-28b4423cfbe1,stayed.skin,available,1.99,17.29,medium,low,6,namesilo,,,27/09/2026 02:56
cdd8d286-6a1e-4663-9c7a-3e38b6d2106b,cleaners.skin,available,1.99,17.29,high,low,8,namesilo,,,24/09/2026 15:26
a443f057-9285-4ce8-8bdd-5a836043b750,arcturus.skin,available,1.99,17.29,medium,low,8,namesilo,,,20/09/2026 03:01
f6fa63da-eb58-4340-8a25-52aab012ba5b,shocked.skin,available,1.65,15.75,high,low,7,namesilo,,,
8ea896a3-167b-46c6-b884-cf5d9b4d6caa,react.skin,available,1.99,17.29,high,low,5,namesilo,,,27/09/2026 06:05
a1dfbac5-5ae7-4a57-896d-4b353e9531ee,rounder.skin,available,1.8,19.98,medium,low,7,namecheap,,,23/08/2026 00:51
39d77ed3-7f04-461b-a6a0-c7b25cfa5b7b,assignment.skin,available,1.99,17.29,high,low,10,namesilo,,,19/09/2026 21:59
3689213b-cd4d-47e3-bceb-801ef2b37c5c,babbitt.skin,available,1.99,17.29,medium,low,7,namesilo,,,21/09/2026 12:17
6368140c-0b56-499f-8ab2-8fd084a923e4,deafened.skin,available,1.99,20.99,medium,low,8,name.com,,,13/08/2026 19:52
89b72507-2945-49bb-abf4-43f94255ca74,matrimony.skin,available,1.24,13.97,high,low,9,spaceship,,,01/10/2026 20:29
01ff8868-ea83-4deb-9bda-b99741f604b7,hated.skin,available,1.8,19.98,medium,low,5,namecheap,,,14/08/2026 04:14
8cc61056-5e40-4fb2-af1a-c47a8ee8b0d9,jams.skin,available,1.99,17.29,medium,low,4,namesilo,,,02/10/2026 04:04
f3e60268-c62d-42d8-a24e-547ed25eca6f,joyfully.skin,available,1.8,21.98,high,low,8,namecheap,,,14/09/2026 21:32
c302ae2b-6c57-4149-bd06-d6c293c57bf2,technician.skin,available,1.99,17.29,high,low,10,namesilo,,,28/09/2026 15:27
de88161b-e6c1-4107-9fe3-d25cc7f60dd5,brainstorm.skin,available,1.99,17.29,high,low,10,namesilo,,,24/09/2026 08:05
3b6850cf-4909-4186-a88f-5a6105d91173,armistice.skin,available,1.99,17.29,medium,low,9,namesilo,,,20/09/2026 07:13
82cf9963-3eb4-454e-b1a2-023d26d51828,silenced.skin,available,1.8,21.98,high,medium,8,namecheap,,,10/09/2026 08:05
5a360bb2-ba84-4fb1-b7a4-e34c7079b1f3,sixer.skin,available,1.65,15.75,medium,low,5,namesilo,,,
f88e2346-87f1-49da-9344-307c3506a1bc,ott.skin,available,1.24,13.97,high,low,3,spaceship,,,28/09/2026 21:01
78bd29c0-77f4-4f54-87c0-601f58c47fda,darien.skin,available,1.99,17.29,medium,low,6,namesilo,,,30/09/2026 13:31
dbaddca5-9833-422a-86d2-e60dfb346abd,collections.skin,available,1.99,17.29,medium,low,11,namesilo,,,17/09/2026 22:06
761e3184-2cf4-4d20-abdf-be61a135b445,unrealistic.skin,available,1.8,21.98,medium,low,11,namecheap,,,29/09/2026 21:08
43aea9b1-e2fb-4893-811c-958c2d9f1557,drawback.skin,available,1.99,17.29,medium,low,8,namesilo,,,24/09/2026 23:54
cf6fe0c4-adde-481c-a062-dfcfb5d00ead,cocks.skin,premium,2660,2660,medium,low,5,namesilo,,,18/09/2026 23:39
506b8573-6121-4bfa-b6f0-7186cc8dca63,beauteous.skin,available,1.8,19.98,high,low,9,namecheap,,,09/08/2026 05:58
6626756e-f3a9-4037-96da-ede04ddb7dcd,snuffly.skin,available,1.8,21.98,high,medium,7,namecheap,,,10/09/2026 12:37
314a7651-5c7c-4199-a7f1-011b324cbf50,uav.skin,available,1.24,13.97,high,low,3,spaceship,,,02/10/2026 18:39
e7e103a4-0b38-4db4-8c13-ada4ab7e6d88,calhoun.skin,premium,2660,2660,medium,low,7,namesilo,,,27/09/2026 03:19
c43f9022-3cb2-479f-a8ab-d948fd0565a4,founders.skin,available,1.24,13.97,high,low,8,spaceship,,,01/10/2026 00:45
f3177b3a-72e6-4948-a59d-3d06c6ee3d83,shankar.skin,available,1.99,14.45,medium,low,7,dynadot,,,29/09/2026 13:44
8070a8d7-7dfd-44d0-9d28-b1d9a3c48ace,assure.skin,available,1.24,13.97,high,low,6,spaceship,,,30/09/2026 07:34
fc677ab6-6205-476e-9201-a697ba08b2bf,werewolves.skin,available,1.8,21.98,medium,low,10,namecheap,,,19/09/2026 01:01
982127ac-8f5a-43dd-9758-5c25b2001d02,numbly.skin,available,1.8,21.98,low,low,6,namecheap,,,15/09/2026 08:39
c887f79d-9a7a-4c11-aa21-deb2a33244fb,communal.skin,available,1.24,13.97,high,low,8,spaceship,,,30/09/2026 16:12
cee5ae9f-f27e-45be-b2c9-87d10c0b28e5,treelike.skin,available,1.8,19.98,medium,low,8,namecheap,,,06/08/2026 14:01
46d56883-bae9-42b7-b5e2-963172924b1a,ado.skin,available,1.8,21.98,high,low,3,namecheap,,,17/09/2026 09:17
ec78699e-7071-4ef9-a692-b3e2654ace2f,batis.skin,available,1.99,17.29,medium,low,5,namesilo,,,22/09/2026 14:03
0cdfe14e-3464-48f2-847e-c6a8acfc3acc,terrific.skin,available,1.99,17.29,high,low,8,namesilo,,,25/09/2026 00:17
02d89cdd-5926-4497-96eb-701f501bb841,nlrb.skin,available,1.99,17.29,medium,low,4,namesilo,,,29/09/2026 13:32
61022b9a-6e0b-4f6c-9ca7-2680b930f2c0,variform.skin,available,1.8,21.98,medium,low,8,namecheap,,,13/09/2026 01:22
16659287-411d-4a1d-9b6e-969c1d6ddf5c,variably.skin,available,1.99,17.29,medium,low,8,namesilo,,,16/09/2026 10:46
810ae905-cb22-43b0-95d9-3ac4d8966ed8,parkes.skin,available,1.99,17.29,medium,low,6,namesilo,,,29/09/2026 22:23
84ac7dc1-8c88-4ced-9f7f-cf53a8cf7bda,tottenham.skin,available,1.24,13.97,medium,low,9,spaceship,,,29/09/2026 22:19
22a2f5a5-e9be-4fa8-bbd5-5ad4ab55b7b6,freeland.skin,available,1.99,17.29,medium,low,8,namesilo,,,02/10/2026 10:16
65502cb1-93bf-4fb8-8f39-817ac7129a72,referent.skin,available,1.8,21.98,high,medium,8,namecheap,,,09/09/2026 12:35
b9f7be8b-ab34-4a30-a81d-f7a7136f1c69,goddamn.skin,available,1.8,19.98,medium,low,7,namecheap,,,10/08/2026 12:46
0714fef6-05ec-42ac-b457-a6e1eeeb3198,sing.skin,premium,832,832,high,low,4,namesilo,,,30/09/2026 06:34
b06f7f50-6e89-4016-9588-2e043523c467,countryside.skin,available,1.24,13.97,high,low,11,spaceship,,,28/09/2026 15:50
a610eaad-08b3-4d75-ba72-051c323d3bf3,nassau.skin,available,1.24,13.97,high,low,6,spaceship,,,29/09/2026 07:05
b265ff5b-8127-4707-b490-52c5c93a727d,bitches.skin,available,1.24,13.97,medium,low,7,spaceship,,,30/09/2026 06:28
b774ab29-4897-4e29-915b-166469138ba9,clutches.skin,available,1.99,17.29,high,low,8,namesilo,,,02/10/2026 14:40
297286de-411e-40ca-90a8-a2d0f09e12f1,beneficent.skin,available,1.8,19.98,medium,low,10,namecheap,,,09/08/2026 14:22
35f77426-8f5f-4c5a-bfa3-1bcaafee2588,brightly.skin,available,1.8,19.98,high,low,8,namecheap,,,11/08/2026 04:04
d3e654ca-c521-4362-8ffc-9283ccdf6cc2,harmful.skin,available,1.8,21.98,medium,low,7,namecheap,,,08/09/2026 09:32
c90b9799-4d6b-4f66-bf8d-582319370721,bronchial.skin,available,1.8,19.98,medium,low,9,namecheap,,,11/08/2026 05:35
0f5d75b6-55fc-4ddc-b470-d7bd2c8f7f34,low.skin,resell,,,high,low,3,"Spaceship, Inc.",22/02/2026 17:46,22/02/2027 23:59,26/09/2026 07:20
ba95a524-a503-463d-a855-c4f2e07be143,bounded.skin,available,1.8,19.98,medium,low,7,namecheap,,,10/08/2026 21:52
55be9f60-8fee-4857-ac11-3e13dc9d7cde,tomas.skin,available,1.24,13.97,medium,low,5,spaceship,,,28/09/2026 04:37
c9ec9aee-3c81-496b-a56f-cca48763700f,ahem.skin,available,1.8,21.98,high,low,4,namecheap,,,17/09/2026 20:20
97c496e6-db69-4333-91f8-57caba1cbec8,keel.skin,available,1.99,14.45,high,low,4,dynadot,,,02/10/2026 04:16
e1451576-26f0-4bd3-8cc0-30c5181f4f31,ferial.skin,available,1.8,19.98,medium,low,6,namecheap,,,18/08/2026 01:56
5cc17fc7-3345-4719-ab6a-0b6f06540c63,abusive.skin,available,1.65,15.75,medium,low,7,namesilo,,,
ece1ed1c-96d9-4e8a-92bd-f53273d5d243,rum.skin,available,1.8,19.98,high,low,3,namecheap,,,13/08/2026 11:11
153b1c73-866b-4f39-9c0a-712494bba128,rotary.skin,available,1.8,21.98,high,low,6,namecheap,,,04/09/2026 17:37
789be1c3-68ba-4c94-ae74-45bd3349d66c,cooled.skin,available,1.99,17.29,medium,low,6,namesilo,,,30/09/2026 06:31
e6f00d99-d475-43fb-af55-3bdd9b3f69d3,wacky.skin,available,1.99,17.29,high,low,5,namesilo,,,22/09/2026 08:23
688cc558-97f7-4ccf-9037-24f25597eec3,ravaged.skin,available,1.8,19.98,medium,low,7,namecheap,,,14/08/2026 04:29
b98054ec-070d-49ed-ba67-c7cf25b120bc,alembic.skin,available,1.99,17.29,medium,low,7,namesilo,,,18/09/2026 05:10
2e68c054-75a4-43f0-8eed-70427210d700,broderick.skin,available,1.8,21.98,high,low,9,namecheap,,,29/09/2026 21:41
c7c6b30a-a5b5-4015-82f8-b48ead6617cd,laputan.skin,available,1.8,19.98,medium,low,7,namecheap,,,22/08/2026 19:49
6212f7fe-b3bf-473d-8ee1-affe3d1e6e87,cork.skin,available,1.99,17.29,high,low,4,namesilo,,,29/09/2026 00:12
5dd7a7b7-d453-4cef-bf60-39586fa6a95a,distortion.skin,available,1.8,21.98,high,low,10,namecheap,,,11/09/2026 21:55
79920780-d2fa-49ff-a2ae-2e8cb403ed7a,sully.skin,available,1.8,19.98,medium,low,5,namecheap,,,24/08/2026 12:51
78855e21-bf9d-4fa0-9257-9d5264d32c51,turned.skin,available,1.99,17.29,medium,low,6,namesilo,,,28/09/2026 09:34
a1923c22-3fb3-4cbe-857b-8902708f5684,cigarette.skin,available,1.99,17.29,high,low,9,namesilo,,,25/09/2026 04:15
900f1ea5-c9de-40ef-a594-77091b1b5be2,tabloid.skin,available,1.8,21.98,high,low,7,namecheap,,,01/10/2026 03:59
c8b26a55-5e40-407e-88ae-03d881c28932,carpenters.skin,available,1.8,21.98,medium,low,10,namecheap,,,02/10/2026 22:55
edb215b6-e27b-4778-83d6-61ee39b52515,unlovable.skin,available,1.8,21.98,medium,low,9,namecheap,,,12/09/2026 15:08
cb135b70-3d84-4b69-90ac-a3cc4aa81b9c,converts.skin,available,0.99,25.99,medium,low,8,godaddy,,,01/10/2026 00:07
a47bb653-575f-4f84-806c-0f34d6ac1bd4,enjoyment.skin,available,1.99,17.29,high,low,9,namesilo,,,01/10/2026 11:07
2c25b038-2162-4c50-8111-4b4f81249ea0,jockstrap.skin,available,1.8,21.98,medium,low,9,namecheap,,,20/09/2026 21:10
0c8c1db4-0b89-4ecd-acbb-064337fc91cf,aan.skin,available,1.24,13.97,medium,low,3,spaceship,,,02/10/2026 19:04
45bce56b-98cd-4e8b-b394-379516b4aaad,royale.skin,available,1.99,17.29,high,low,6,namesilo,,,02/10/2026 07:32